1	หน่วยเก็บความจำที่ติดต่อกับ CPU ได้เร็วที่สุดคืออะไร	CD-ROM	HARD DISK	SDRAM	REGISTER	none	4	none	none	none	none	none	none	1
2	ลำดับขั้นตอนการทำงานของคอมพิวเตอร์มีอย่างไร	เริ่ม คำนวณ ประกาศชนิดตัวแปร รับข้อมูล แสดงคำตอบ จบ	เริ่ม ประกาศชนิดตัวแปร รับข้อมูล คำนวณ แสดงคำตอบ จบ	เริ่ม รับข้อมูล ประกาศชนิดตัวแปร คำนวณ แสดงคำตอบ จบ	เริ่ม รับข้อมูล ประกาศชนิดตัวแปร แสดงคำตอบ คำนวณ จบ	none	2	none	none	none	none	none	none	1
3	ข้อใดต่อไปนี้คือคุณบัติ Portable ของการเขียนโปรแกรม	สามารถเขียนโปรแกรมได้สั้นที่สุด	สามารถเขียนโปรแกรมให้ประมวลผลได้เร็วที่สุด	สามารถเขียนโปรแกรมเพื่อทำงานข้ามเครือข่ายได้	สามารถย้ายโปรแกรมไปทำงานยังเครื่องคอมพิวเตอร์ต่างระบบได้	ถูกทุกข้อ	4	none	none	none	none	none	none	1
4	อะไรคือคุณสมบัติของหน่วยความจำประเภท ROM (Read Only Memory)	สามารถอ่าน และเขียนได้	สามารถอ่านได้อย่างเดียว	สามารถเขียนได้อย่างเดียว	ไม่สามารถอ่านและเขียนได้	ไม่มีข้อถูก	2	none	none	none	none	none	none	1
5	อะไรคือคุณสมบัติของ หน่วยความจำประเภท RAM (Random Access Memory)	สามารถอ่าน และเขียนได้	สามารถอ่านได้อย่างเดียว	สามารถเขียนได้อย่างเดียว	ไม่สามารถอ่านและเขียนได้	ไม่มีข้อถูก	4	none	none	none	none	none	none	1
6	ข้อมูล1 MB มีขนาดตรงกับข้อใด	1024 Byte	1000000 Byte	1048576 Byte	1024000 Byte	none	3	none	none	none	none	none	none	1
7	ข้อมูล 1 GB มีขนาดตรงกับข้อใด หมายเหตุ เครื่องหมาย ^ หมายถึงการยกกำลัง เช่น 4^2 KB หมายถึง 4 ยกกำลัง 2 KiloByte	10^3 KB	1024 KB	2^10 KB	2^20 KB	none	4	none	none	none	none	none	none	1
8	ทำไมคอมพิวเตอร์จึงใช้เลขฐานสองในการเก็บข้อมูล	คอมพิวเตอร์มีระดับ Voltage แค่ 2 ระดับ	คอมพิวเตอร์ประกอบด้วยวงจรอิเล็กทรอนิกส์ซึ่งมีลักษณะการทำงาน 2 โหมด เหมือนสวิทซ์ เปิด - ปิด	การใช้เลขเพียงแค่ 2 เลขในการเก็บข้อมูลทำให้คนสามารถติดต่อกับคอมพิวเตอร์ได้ง่ายขึ้น	ไม่มีข้อใดถูกต้อง	none	2	none	none	none	none	none	none	1
9	ข้อใดไม่ใช่หน่วยความจำคอมพิวเตอร์	Random-access memory	Read-only memory	Hard disk	Basic input/output system (BIOS)	none	3	none	none	none	none	none	none	1
10	คอมพิวเตอร์ประเภทใดมีประสิทธิภาพในการทำงานสูงสุด	คอมพิวเตอร์พกพา	เซิร์ฟเวอร์คอมพิวเตอร์	ซูเปอร์คอมพิวเตอร์	ไมโครคอมพิวเตอร์	none	3	none	none	none	none	none	none	1
11	ข้อใดคือส่วนประกอบหลักของคอมพิวเตอร์	หน่วยรับข้อมูล หน่วยประมวลผลกลาง หน่วยความจำหลัก หน่วยเก็บข้อมูลสำรอง และหน่วยแสดงผล	หน่วยรับข้อมูล หน่วยประมวลผลกลาง หน่วยความจำหลัก หน่วยความจำสำรอง และหน่วยแสดงผล	หน่วยรับข้อมูล หน่วยประมวลผลกลาง หน่วยความจำหลัก และหน่วยแสดงผล	หน่วยประมวลผลกลาง หน่วยความจำหลัก หน่วยเก็บข้อมูลสำรอง และหน่วยแสดงผล	none	1	none	none	none	none	none	none	1
12	จงพิจารณาว่าข้อความใดกล่าวถูกต้องสำหรับการทำงานของคำสั่งต่อไปนี้	ชนิดของข้อมูลตัวแปร d มีการเปลี่ยนแปลง	ค่าที่จัดเก็บในตัวแปร d มีการเปลี่ยนแปลง	ค่าที่จัดเก็บในตัวแปร i มีการเปลี่ยนแปลง	ค่าที่จัดเก็บในตัวแปร i และ d มีการเปลี่ยนแปลง	none	3	q12.png	none	none	none	none	none	1
13	คำสั่งใดที่ทำการเปลี่ยนแปลงค่าที่จัดเก็บในตัวแปร x	x +=3;	y=x+3;	x *=1;	x /=1;	none	1	none	none	none	none	none	none	1
14	ข้อใดคือหน้าที่ของ Compiler	ช่วยติดต่อกับอุปกรณ์คอมพิวเตอร์	ช่วยแก้ไขรหัสคำสั่งโปรแกรมให้ถูกต้อง	ช่วยจัดสรรทรัพยากรภายในระบบคอมพิวเตอร์ให้กับโปรแกรมต่าง ๆ	ช่วยแปลคำสั่งภาษาโปรแกรมต่าง ๆ ให้คอมพิวเตอร์เข้าใจและทำงานได้	none	4	none	none	none	none	none	none	1
15	ข้อใดต่อไปนี้คือความหมายของโปรแกรม	ชุดคำสั่งเพื่อทำให้คอมพิวเตอร์ปฏิบัติงาน	สัญลักษณ์ที่สื่อความหมายให้เครื่องคอมพิวเตอร์และคนสามารถสื่อสารกันได้โดยผ่านกรรมวิธีที่กำหนดขึ้น	ชุดของเลขฐานสองอาทิ 01101011 ที่คอมพิวเตอร์เข้าใจ	ถูกทุกข้อ	none	4	none	none	none	none	none	none	1
16	เครื่องคอมพิวเตอร์ในยุคที่ 2 ใช้เทคโนโลยีใด	ทรานซิสเตอร์ (Transistors)	หลอดแก้วสุญญากาศ (Vacuum tubes)	ไมโครโพรเซสเซอร์ (Microprocessors)	วงจรรวม (Integrated circuits)	none	1	none	none	none	none	none	none	1
17	การประมวลคำสั่งในลักษณะการทำงานแบบสายท่อ (pipelining) สอดคล้องกับข้อใด	การประมวลผลแบบแถวลำดับ (Array processing)	การประมวลผลแบบขนาน (Parallel processing)	สถาปัตยกรรม Von Neumann	ระบบหลายตัวประมวลผล (Multiprocessing)	none	3	none	none	none	none	none	none	1
18	ข้อใดเป็นความแตกต่างระหว่าง Compiler และ Interpreter ที่ถูกต้อง	Compiler ทำหน้าที่แปลภาษาคอมพิวเตอร์ทีละบรรทัด แต่ Interpreter จะแปลภาษาทั้งโปรแกรม	Compiler แปลได้เฉพาะภาษาเครื่อง แต่ Interpreter จะแปลได้ทุกภาษา	Compiler จะทำการแปลภาษาคอมพิวเตอร์ทั้งโปรแกรม แต่ Interpreter จะแปลภาษาคอมพิวเตอร์บรรทัดต่อบรรทัด	ในการ Debug โปรแกรม ควรใช้ Compiler ในการแปลมากกว่า Interpreter เพราะจะหาข้อผิดพลาดได้ง่ายกว่า	none	3	none	none	none	none	none	none	1
19	หลังจากที่ทำการเขียนโปรแกรมจนเสร็จเรียบร้อยแล้ว จะต้องคัดลอกไฟล์ใดหากต้องการนำโปรแกรมไปให้ผู้อื่นใช้งาน	Executable File	Source File	Object File	Library File	none	1	none	none	none	none	none	none	1
20	ข้อใดที่ไม่ใช่ส่วนประกอบของคอมพิวเตอร์	คีย์บอร์ด	เมาท์	จอภาพ	กล่องเก็บซอล์ฟแวร์	none	4	none	none	none	none	none	none	1
21	โปรแกรมคอมพิวเตอร์ใดที่มีลักษณะคล้ายโปรแกรมภาษาเครื่อง	COBAL	C	C++	ASSEMBLY	none	4	none	none	none	none	none	none	1
22	ข้อใดถูกต้องสำหรับการหาผลลัพธ์ในการประผวลผลข้อมูลในระบบคอมพิวเตอร์	หน่วยอินพุท	หน่วยเอาท์พุท	หน่วยความจำข้อมูล	หน่วยประมวลผลกลาง	none	4	none	none	none	none	none	none	1
23	การแปลภาษาเครื่องทีละลำดับหมายถึง	Translator	Result	Interpreter	Complier	none	3	none	none	none	none	none	none	1
24	โฟลว์ชาร์ทตามรูปข้างล่างนี้หมายถึง	ขบวนการประมวลผล	อินพุท เอาท์พุท	จุดเชื่อมต่อภายในหน้าเดียวกัน	การตัดสินใจ	none	4	q24.png	none	none	none	none	none	1
25	ข้อใดไม่ใช่หน่วยเก็บข้อมูลที่สามารถแก้ไขได้	RAM	ROM	Hard disk	CompactFlash	none	2	none	none	none	none	none	none	1
26	ข้อใดไม่ใช่ส่วนประกอบภายใน CPU ของไมโครคอมพิวเตอร์	Cache memory	ALU (Arithmetic Logic Unit)	Hard disk	Program Counter Register (PC)	none	3	none	none	none	none	none	none	1
27	ระบบปฏิบัติการ (Operating Systems) ตัวใดไม่ได้ถูกพัฒนาสำหรับเครื่องพีซี	Unix	Linux	Windows XP	Symbian	none	4	none	none	none	none	none	none	1
28	จาก pseudocode ต่อไปนี้ ผลลัพธ์ที่ได้คืออะไร	0	1	27	30	none	4	q28.png	none	none	none	none	none	1
29	"ถ้า run pseudocode ต่อไปนี้ 3 ครั้ง โดยกำหนดให้ input จาก user คือ 10, 3, 7 ตามลำดับ ผลลัพธ์ของค่า a ที่ได้ในแต่ละรอบคือ"	0 0 70	18 -7 0	9 10 -3	10 3 17	none	4	q29.png	none	none	none	none	none	1
30	ข้อใดบรรยายคุณลักษณะของ Random Access Memory (RAM) ที่ใช้ในเครื่องคอมพิวเตอร์ได้เหมาะสมที่สุด	ขนาดที่ใช้งานในเครื่องคอมพิวเตอร์ทั่วไปแบบตั้งโต๊ะคือ 40 Gbyte	ราคาถูกที่สุดเมื่อเทียบกับราคาของหน่วยความจำชนิดอื่น	ความเร็วในการทำงานช้ามากเมื่อเทียบกับการทำงานของหน่วยความจำชนิดอื่น	ข้อมูลที่เก็บจะสูญหายเมื่อปิดเครื่อง	none	4	none	none	none	none	none	none	1
31	ไวรัสคอมพิวเตอร์คืออะไร	เชื้อโรคชนิดหนึ่งที่ติดต่อระหว่างผู้ใช้งานทำให้เกิดการเจ็บป่วย ในขณะที่เข้าใช้งานตามร้านอินเตอร์เนตคาเฟ่	เชื้อโรคชนิดหนึ่งที่ติดต่อจากเครื่องคอมพิวเตอร์มายังผู้ใช้งาน แต่มีความรุนแรงไม่มาก	โปรแกรมคอมพิวเตอร์ที่ถูกพัฒนาขึ้นมาเพื่อใช้การตรวจสอบการทำงานระบบป้องกัน	โปรแกรมคอมพิวเตอร์ที่ประสงค์ร้ายต่อข้อมูลและการทำงานของเครื่องคอมพิวเตอร์ ซึ่งสามารถแพร่กระจายจากเครื่องสู่เครื่อง โดยการใช้งานร่วมกันของไฟล์ 	none	4	none	none	none	none	none	none	1
32	ข้อใดผิด	ฮาร์ดแวร์ของคอมพิวเตอร์คือสิ่งที่จับตัองได้ เช่นหน่วยประมวลผล	ฮาร์ดดิกส์เป็นฮาร์ดแวร์ชนิดหนึ่ง	ฮาร์ดแวร์ที่ขาดไม่ได้คือตัวแปลโปรแกรม	หน่วยความจำเป้นฮาร์ดแวร์ที่สำคัญ	none	3	none	none	none	none	none	none	1
33	ข้อใดไม่ใช่ชื่อ operating systems	Windows 2000	Windows Office	Windows XP	Linux	none	2	none	none	none	none	none	none	1
34	ข้อใดไม่ใช่ชึ่อภาษาคอมพิวเตอร์	Intel	JAVA	Basic	C	none	1	none	none	none	none	none	none	1
35	จงบอกว่าอุปกรณ์ใดต่อไปนี้ เป็นอุปกรณ์ประเภท standard output	printer	monitor	diskette	Key board	none	2	none	none	none	none	none	none	1
36	จงบอกว่าอุปกรณ์ใดต่อไปนี้ เป็นอุปกรณ์ประเภท standard input	printer	monitor	diskette	Keyboard	none	4	none	none	none	none	none	none	1
37	ข้อใดไม่เกี่ยวข้องกับการเขียนโฟลว์ชาร์ต	การระบุส่วน start/end ของโปรแกรม	การระบุเงื่อนไขการทำงานต่างๆของโปรแกรม	การระบุภาษาที่จะใช้เขียนโปรแกรม	การระบุตัวแปรที่จะใช้ในการคำนวณ	none	3	none	none	none	none	none	none	1
38	ข้อใดไม่ใช่ตัวอย่างของอุปกรณ์ input	Keyboard	Mouse	Monitor	Scanner	none	3	none	none	none	none	none	none	1
39	ค่าเลขฐาน 16 ต่อไปนี้ คือ 123 จะมีค่าเท่ากับเลขฐานสองเท่าใด	0010 0010 0011	0001 0001 0010	0010 0010 0010	0001 0010 0011	none	4	none	none	none	none	none	none	1
40	อุปกรณ์ใดไม่สามารถนำมาใช้เป็นหน่วยความจำหลัก(main memory)ของคอมพิวเตอร์	RAM	ROM	PROM	Flash Memory	none	4	none	none	none	none	none	none	1
41	คอมพิวเตอร์ 32 บิต คือ คอมพิวเตอร์ที่มี	หน่วยความจำขนาด 32 บิต	บัสข้อมูล(data bus) ขนาด 32 บิต	บัสแอดเดรส(address bus) ขนาด 32 บิต	รีจิสเตอร์(register) ขนาด 32 บิต	none	4	none	none	none	none	none	none	1
42	การนำคอมพิวเตอร์ไปใช้ในการประมวลผลในข้อใดไม่น่าเป็นไปได้	คำนวณหาค่าสูงสุดของการรับน้ำหนักของสะพาน	หาระยะทางที่สั้นทีสุดจากเมืองหนึ่งไปยังอีกเมืองหนึ่ง	พยากรณ์อากาศ	พยากรณ์การเกิดแผ่นดินไหว	none	4	none	none	none	none	none	none	1
43	พอร์ตอนุกรมแตกต่างจากพอร์ตขนานอย่างไร	พอร์ตอนุกรมสามารถรับส่งข้อมูลได้ แต่พอร์ตขนานส่งข้อมูลได้อย่างเดียว	พอร์ตอนุกรม ส่งข้อมูลเรียงกันไปทีละบิตบนสายหนึ่งเส้น พอร์ตขนาน ส่งข้อมูลในแต่ละบิตออกไปพร้อมๆ กันบนสายหลายๆ เส้น	พอร์ตอนุกรม ส่งข้อมูลโดยผ่านระบบปฏิบัติการ พอร์ตขนาน สามารถเขียนโปรแกรมติดต่อได้โดยตรง	พอร์ตอนุกรม ส่งข้อมูลได้คราวละหนึ่งไบต์ พอร์ตขนานส่งข้อมูลได้คราวละหลายๆ ไบต์	none	2	none	none	none	none	none	none	1
44	MO (Magneto-Optical) disk เป็นหน่วยความจำที่มีพื้นฐานบนเทคโนโลยีใด	เทคโนโลยีสารกึ่งตัวนำ	เทคโนโลยีแสง	เทคโนโลยีแม่เหล็ก	ข้อ ข. และค. รวมกันเป็นคำตอบที่ถูกต้อง	none	4	none	none	none	none	none	none	1
45	Unicode คืออะไร	มาตรฐานชุดคำสั่งที่ใช้ในซีพียู	มาตรฐานรหัสแทนข้อมูลที่ใช้ในการเก็บและคำนวณของคอมพิวเตอร์	มาตรฐานอุตสาหกรรมสำหรับการออกแบบโปรแกรมคอมพิวเตอร์	มาตรฐานรหัสใช้ในการแสดงตัวอักษรหรือข้อความ	none	4	none	none	none	none	none	none	1
46	ข้อใด ไม่ใช่ องค์ประกอบของระบบคอมพิวเตอร์	ฮาร์ดแวร์ ชิ้นส่วนต่างๆ ที่ประกอบกันเป็นตัวเครื่อง	ซอฟต์แวร์ โปรแกรมต่างๆ ที่จะให้คอมพิวเตอร์ทำงาน	ข้อมูล ตัวเลขต่างๆ ที่เก็บอยู่ภายในเครื่อง	สมชายที่ต้องใช้คอมพิวเตอร์เก็บข้อมูลสัตว์ในฟาร์ม	none	4	none	none	none	none	none	none	1
47	ข้อใดจัดเป็นหน่วยความจำหลักในระบบคอมพิวเตอร์	RAM	CD-ROM	Floppy Disk	Hard Disk	none	1	none	none	none	none	none	none	1
48	หากต้องการให้ประสิทธิภาพของการทำงานของไดร์ฟมีประสิทธิภาพที่สูง คำกล่าวในข้อใดถูกต้องที่สุด	จะต้องมีความเร็วเฉลี่ยในการเข้าถึงข้อมูลที่สูง และ ความเร็วในการถ่ายโอนข้อมูลที่ต่ำ	จะต้องมีความเร็วเฉลี่ยในการเข้าถึงข้อมูลที่สูง และ ความเร็วในการถ่ายโอนข้อมูลที่สูง	จะต้องมีความเร็วเฉลี่ยในการเข้าถึงข้อมูลที่ต่ำ และ ความเร็วในการถ่ายโอนข้อมูลที่สูง	จะต้องมีความเร็วเฉลี่ยในการเข้าถึงข้อมูลที่ต่ำและ ความเร็วในการถ่ายโอนข้อมูลที่ต่ำ	none	3	none	none	none	none	none	none	1
49	พื้นที่ที่เล็กที่สุดในการอ่าน หรือ เขียนข้อมูลลงไปในแผ่นดิสก์ หรือ ฮาร์ดดิสก์เรียกว่าอะไร	ไบต์ (Byte)	บิต (Bit)	เซกเตอร์(Sector)	แทร็ก (Track)	none	3	none	none	none	none	none	none	1
50	เวลาในการเคลื่อนที่ของหัวอ่านไปยังตำแหน่งที่ต้องการอ่านเขียนข้อมูล เรียกว่า	Header Move Time	Maximum Move Time	Minimum Access Time	Maximum Access Time	none	4	none	none	none	none	none	none	1
51	ความสามารถของระบบปฏิบัติการที่สามารถใช้งานโปรแกรมหลายๆ ตัวพร้อมกันได้เรียกว่า	Multitasking	Object Linking	Object Embedding	Multi User	none	1	none	none	none	none	none	none	1
52	ข้อใดกล่าวถึงคำว่า Hierarchical File System ได้ถูกต้องที่สุด	การเก็บรวบรวมข้อมูลว่าโปรแกรมใดใช้อุปกรณ์ตัวใดอยู่	โครงสร้างการทำเมนูเพื่อใช้งานในโปรแกรมต่างๆ	ระบบที่ใช้สำหรับการใช้ข้อมูลร่วมกันในโปรแกรมต่างๆ	โครงสร้างการจัดเก็บไฟล์ข้อมูลที่มีโครงสร้างแบบระดับชั้น	none	4	none	none	none	none	none	none	1
53	แป้นพิมพ์กลุ่มใดใช้สร้างคำสั่งลัดในการสั่งงานคอมพิวเตอร์	คีย์อักขระ	คีย์ตัวเลข	คีย์ฟังก์ชั่น	คีย์เคลื่อนย้ายตัวอักษร	none	3	none	none	none	none	none	none	1
54	หน่วยวัดความละเอียดในการพิมพ์ของเครื่องพิมพ์มีหน่วยเป็น	Dot Pitch	PPM	DPI	bps	none	3	none	none	none	none	none	none	1
55	พอร์ท(Port)ชนิดใดของคอมพิวเตอร์สามารถรองรับการเชื่อมต่อแบบPnP(Plug and Play)	COM1	COM2	USB	ISA	none	3	none	none	none	none	none	none	1
56	หน่วยใดไม่ใช่หน่วยวัดการทำงานของคอมพิวเตอร์	MIPS	MFLOPS	VUP	IPS	none	4	none	none	none	none	none	none	1
57	หน่วยของข้อมูลในคอมพิวเตอร์ที่เล็กที่สุดคืออะไร?	Bit	Byte	Field	Record	none	1	none	none	none	none	none	none	1
58	มาตรฐานรหัสใดที่นิยมใช้กันมากในปัจจุบัน	EBCDIC	ASCII	BCD	UCB	none	2	none	none	none	none	none	none	1
59	อุปกรณ์ใดต่อไปนี้มีการจัดเก็บและเข้าถึงข้อมูลแบบลำดับ	Floppy Disk	Hard Disk	CDROM	Tape	none	4	none	none	none	none	none	none	1
60	ระบบเครือข่ายใดมีขนาดใหญ่ที่สุด	MAN	LAN	WAN	ไม่มีข้อถูก	none	3	none	none	none	none	none	none	1
61	ความหมายของคำว่าขั้นตอนวิธี (Algorithm) คือข้อใด	การทำความเข้าใจกับปัญหาที่เกิดขึ้น	การหาวิธีแก้ปัญหา	การอธิบายลำดับขั้นตอนการทำงานเป็นข้อๆตั้งแต่ขั้นตอนแรกถึงขั้นตอนสุดท้าย	การทดสอบวิธีแก้ปัญหา	none	3	none	none	none	none	none	none	1
62	เมื่อเปรียบเทียบกับร่างกายมนุษย์ ส่วนใดของคอมพิวเตอร์ที่ทำหน้าที่เปรียบเทียบได้กับการทำงานของสมอง	CPU + RAM	CPU + Harddisk	RAM + Harddisk	OS + RAM	none	1	none	none	none	none	none	none	1
63	อุปกรณ์ชิ้นใดที่สามารถทำหน้าที่เป็นได้ทั้ง Input และ Output	"Keyboard, Scanner"	"Printer, Floppy Disk"	"Harddisk, Touch Screen"	"Touch Pad, Monitor"	none	4	none	none	none	none	none	none	1
64	ข้อใดไม่ใช่ OS (ระบบปฏิบัติการของคอมพิวเตอร์)	Opera	Linux	DOS	Unix	none	1	none	none	none	none	none	none	1
65	คอมพิวเตอร์ตั้งโต๊ะจัดเป็นคอมพิวเตอร์ประเภทใด	Mini Computer	Super Computer	Micro Computer	Analog Computer	none	3	none	none	none	none	none	none	1
66	Hard Disk จัดเป็นหน่วยความจำประเภทใด	หน่วยความจำหลัก	หน่วยความจำสำรอง	หน่วยความจำถาวร	หน่วยความจำชั่วคราว	none	2	none	none	none	none	none	none	1
67	ข้อใดคือรูปแบบข้อข้อมูลที่สามารถนำเข้าสู่ระบบสารสนเทศ	ภาพนิ่ง	ภาพเคลื่อนไหว	เสียง	ถูกทุกข้อ	none	4	none	none	none	none	none	none	1
68	ข้อใดกล่าวผิดเกี่ยวกับ Pseudo code และ flow chart	Pseudo code และ flow chart ถูกสร้างขึ้นเพื่อจัดรูปแบบความคิดในการเขียนโปรแกรมให้เป็นระบบ	Pseudo code จำเป็นจะต้องถูกแปลงเป็น flow chart ก่อนเป็นคำสั่งของโปรแกรมคอมพิวเตอร์	การเขียน Flow chart จะเน้นการใช้สัญลักษณ์เพื่อให้อ่านเข้าใจได้	ผิดทุกข้อ	none	2	none	none	none	none	none	none	1
69	ข้อใดไม่ใช่หน้าที่ของ OS (Operating System)	แบ่งปันทรัพยากรและเนื้อหาในหน่วยความจำให้แต่ละโปรแกรม	โหลดโปรแกรมขึ้นมาทำงาน	อ่านและเขียนข้อมูลจากไฟล์	ใช้ประสานงานการติดต่อกับผู้ใช้งาน	none	4	none	none	none	none	none	none	1
70	เครือข่ายอินเตอร์เน็ตใช้ครั้งแรกที่ประเทศใด	อังกฤษ	ไทย	ญี่ปุ่น	สหรัฐอเมริกา	none	4	none	none	none	none	none	none	1
71	คอมพิวเตอร์มีบทบาทกับการศึกษาอย่างไร	นำมาประยุกต์ใช้ในกิจกรรมการเรียนการสอน เช่น ทำสื่อต่างๆ	จัดทำประวัตินักเรียน ประวัติครูอาจารย์	ใช้เป็นแหล่งเรียนรู้ เช่นการค้นคว้าจากอินเทอร์เน็ต	ถูกทุกข้อ	none	4	none	none	none	none	none	none	1
72	หน่วยใดมีลักษณะการทำงานคล้ายกับสมองของมนุษย์	หน่วยประมวลผล	หน่วยรับข้อมูล	หน่วยความจำ	หน่วยแสดงผล	none	1	none	none	none	none	none	none	1
73	คอมพิวเตอร์ยุคใด ใช้วงจรไอซี (Integrated Circuit) เป็นหลัก	คอมพิวเตอร์ยุคแรก	คอมพิวเตอร์ยุคที่ 2	คอมพิวเตอร์ยุคที่ 3	คอมพิวเตอร์ยุคในยุคปัจจุบัน	none	3	none	none	none	none	none	none	1
74	ข้อใดเป็นอุปกรณ์รับข้อมูลเบื้องต้น	จอภาพ	คีย์บอร์ด	เครื่องพิมพ์	กล่องใส่ดิสก์	none	2	none	none	none	none	none	none	1
75	อุปกรณ์ที่ช่วยในการสำรองไฟฟ้าเวลาไฟดับหรือไฟตก เรียกว่าอะไร	Power Supply	Monitor	UPS	Case	none	3	none	none	none	none	none	none	1
76	หน่วยความจำในข้อใด มีความจุมากที่สุด	SDRAM	Hard Disk	CD-ROM Disk	Floppy Disk	none	2	none	none	none	none	none	none	1
77	อุปกรณ์ในข้อใด ถือว่าเป็นอุปกรณ์ต่อพ่วง	เมาส์	คีย์บอร์ด	เครื่องพิมพ์	สายไฟ	none	3	none	none	none	none	none	none	1
78	ชุดคำสั่งหรือโปรแกรมที่ใช้สั่งงานให้คอมพิวเตอร์ทำงาน เรียกว่าอะไร	ซอฟต์แวร์	ฮาร์ดแวร์	พีเพิลแวร์	ระเบียบวิธีปฏิบัติ	none	1	none	none	none	none	none	none	1
79	ผลลัพธ์ของนิพจน์ 1 + 4 / 2 คือข้อใด	2.5	3	2	3.5	none	2	none	none	none	none	none	none	1
80	จงหาคำตอบของ 2 + 3 * 4 - 1	11	13	15	19	none	2	none	none	none	none	none	none	1
81	ในการเขียนโปรแกรมเพื่อใช้ในการหาระยะขจัดของวัตถุที่ตกลงสู่พื้นจากสูตร s = 0.5 * g * t^2 ควรมีการสร้างค่าคงที่กี่ตัวในโปรแกรม	1	2	3	4	none	3	none	none	none	none	none	none	1
82	ถ้าในมหาวิทยาลัยกำหนดให้นักศึกษาเรียนได้ไม่เกิน 8 ปี ในการเขียนโปรแกรมเพื่อทำการหาค่าเฉลี่ยของจำนวนนักศึกษาในแต่ละชั้นปี(โดยเขียนให้สั้นที่สุดและใช้ตัวแปรและค่าคงที่น้อยที่สุด) จะต้องใช้ตัวแปรและค่าคงที่ประเภทใดบ้าง ประเภทละกี่ตัวจึงจะเหมาะสมที่สุด	"Integer 2 ตัว, Real 1 ตัว, ค่าคงที่ 1 ตัว"	"Integer 1 ตัว, Real 2 ตัว, ค่าคงที่ 1 ตัว"	"Integer 2 ตัว, Real 2 ตัว, ค่าคงที่ 2 ตัว"	"Integer 1 ตัว, Real 1 ตัว, ค่าคงที่ 2 ตัว"	none	1	none	none	none	none	none	none	1
83	Assignment Statement ใช้ในการทำอะไร	กำหนดค่าให้กับตัวแปร	เปรียบเทียบค่าของ expression	สร้าง Array	วนลูป	none	1	none	none	none	none	none	none	1
84	Tool ตัวใดที่ช่วยในการลดขนาดของแฟ้มข้อมูล	WinRAR	Oracle	Apache	WinAmp	none	1	none	none	none	none	none	none	1
85	ถ้าเครื่องคอมพิวเตอร์ของท่านทำงานช้าลงอย่างมากเมื่อเปรียบเทียบกับการทำงานของเครื่องเมื่อเพิ่งซื้อมาใหม่ ท่านคิดว่าควรใช้ Tool ใดในการแก้ไขปัญหานี้	Norton SystemWork	McAfee Internet Security	MS Office Tools	Adobe Acrobat	none	1	none	none	none	none	none	none	1
86	ข้อใดคือมาตรฐานของระบบเครือข่ายท้องถิ่นที่นิยมใช้กันมากที่สุดในปัจจุบัน	IEEE 802.3	IEEE 802.4	IEEE 802.5	IEEE 802.6	none	1	none	none	none	none	none	none	1
87	คอมพิวเตอร์ไม่เหมาะกับงานประเภทใด	งานที่ต้องการความถูกต้องสูง	งานที่มีปริมาณมาก	งานที่ต้องการความรวดเร็วมาก	งานที่มีเงื่อนไขการตัดสินใจไม่แน่นอน	none	4	none	none	none	none	none	none	1
88	หน่วยวัดความจุใด มีค่าเท่ากับ 1024 Byte	Megabyte	Kilobyte	Gigabyte	Terabyte	none	2	none	none	none	none	none	none	1
89	สมาชิกที่เล็กที่สุด หรือค่าที่น้อยที่สุด ซึ่งแทนได้เพียงค่าศูนย์ หรือค่าหนึ่งเท่านั้น เรียกว่า	Bit	Byte	Word	Character	none	1	none	none	none	none	none	none	1
90	ภาษาสั่งงานใดที่คล้ายภาษาเครื่องมากที่สุด	Fortran Language	NGV Language	Cobol Language	Assembly Language	none	4	none	none	none	none	none	none	1
91	ข้อใดเป็นขั้นตอนการเขียนโปรแกรมที่ถูกต้องที่สุด	"การทดสอบโปรแกรม, การเขียนโปรแกรม, การเขียนผังงาน, การวิเคราะห์งาน"	"การเขียนโปรแกรม, การทดสอบโปรแกรม, การวิเคราะห์งาน, การเขียนผังงาน"	"การวิเคราะห์งาน, การเขียนผังงาน, การเขียนโปรแกรม, การทดสอบโปรแกรม"	"การวิเคราะห์งาน, การเขียนโปรแกรม, การเขียนผังงาน, การทดสอบโปรแกรม"	none	3	none	none	none	none	none	none	1
92	คอมพิวเตอร์สามารถรับรู้คำพูดของมนุษย์ โดยไม่คำนึงว่าใครเป็นผู้พูดเราเรียกว่า	Voice Computer	Voice Technology	Special Computer	Voice Recognition	none	4	none	none	none	none	none	none	1
93	ข้อใดเป็นภาษาคอมพิวเตอร์	"BASIC , POWERPOINT"	"BASIC , COBOL"	"COBOL , EXCEL"	"COBOL , POWERPOINT"	none	2	none	none	none	none	none	none	1
94	การบริการโอนย้ายข้อมูลได้แก่บริการใด	FTP	IBM	PPP	GPD	none	1	none	none	none	none	none	none	1
95	ถ้าต้องการเก็บข้อมูลค่าตัวเลข 7.82 ต้องใช้ตัวแปรประเภทใด	integer	char	float	bit	none	3	none	none	none	none	none	none	1
96	 ผลลัพธ์ของการกระทำ int * float จะให้ผลลัพธ์ เป็นชนิดข้อมูลแบบใด	char	int	float	double	ไม่มีข้อถูก	3	none	none	none	none	none	none	1
97	ถ้าข้อมูลมีค่า 3.54 ถ้าเก็บค่าในตัวแปร int จะให้ค่าผลลัพธ์เป็นอย่างไร	3.54	3.5	3	0	none	3	none	none	none	none	none	none	1
98	ข้อใดต่อไปนี้ถูกต้อง	4 bits = 1 byte	8 bits = 1 byte	1000 bytes = 1 kilobyte (KB)	1000 KB = 1 megabyte (MB)	none	2	none	none	none	none	none	none	1
99	16.07 ควรกำหนดเป็นข้อมูลชนิดใด	อักขระ	ข้อความ	จำนวนเต็ม	จำนวนทศนิยม	none	4	none	none	none	none	none	none	1
100	ช้อมูลชนิดตัวอักษร 1 ตัว มีความกว้างกี่บิต	7 บิต	8 บิต	9 บิต	16 บิต	none	2	none	none	none	none	none	none	1
101	"ผลจากการทำงานของโปรแกรม ค่า x, y, z มีค่าเท่ากับเท่าไหร่"	x=9 y=1 z=2	x=9 y=1.5 z=1	x=8 y=1 z=2	x=8 y=1.5 z=1	none	2	q101.png	none	none	none	none	none	1
102	ถ้าเราต้องการเก็บค่าของเลขจำนวนเต็มบวกซึ่งมีค่าตั้งแต่ 1 ถึง 32767 เก็บไว้ที่ตัวแปร n เราควรกำหนดอย่างไร?	int n;	signed int n;	unsigned int n;	unsigned char n;	none	3	none	none	none	none	none	none	1
103	การประกาศตัวแปรต่อไปนี้ ข้อใดใช้เนื้อที่ในหน่วยความจำมากที่สุด?	char str[13] = California;	"char grade, school[ ] = SUT KORAT;"	"int x, y, z[5];"	"float average, gpa, mean;"	none	3	none	none	none	none	none	none	1
104	กำหนดให้ char ch = A; ผลของการใช้คำสั่ง printf ในข้อใดกล่าวถูก? (รหัส ASCII ของ A = 65)	"printf(%c %c, ch, 65); ผลที่แสดงออกที่จอภาพคือ A 65"	"printf(%d %c, ch, 65); ผลที่แสดงออกที่จอภาพคือ A 65"	"printf(%c %d, 65, 65); ผลที่แสดงออกที่จอภาพคือ A A"	"printf(%d %d, 65, ch); ผลที่แสดงออกที่จอภาพคือ 65 65"	none	4	none	none	none	none	none	none	1
105	ในการประกาศตัวแปร char str[ ] = I love \ABC\.;    str จะถูกกำหนดขนาดในหน่วยความจำเท่าไร?	12 bytes	13 bytes	14 bytes	15 bytes	none	3	none	none	none	none	none	none	1
106	ชื่อตัวแปรใดต่อไปนี้ไม่สามารถนำไปใช้ในการประกาศตัวแปรในภาษาโปรแกรมทั่ว ๆ ไปได้	report_99	food	general	7sumurai	none	4	none	none	none	none	none	none	1
107	ถ้าต้องการให้ตัวแปร x เก็บค่า -123456  จะต้องประกาศให้ตัวแปร x เป็นชนิดอะไร	unsigned long	int	unsigned int	long	none	4	none	none	none	none	none	none	1
108	ต้องประกาศตัวแปรเป็นชนิดอะไร   จึงจะเก็บค่า 12345 ได้อย่างประหยัดหน่วยความจำที่สุด	double	int	long	float	none	2	none	none	none	none	none	none	1
109	ข้อใดคือความหมายของตัวแปรท้องถิ่น (Local Variable) และตัวแปรภายนอก (Global Variable)	Local Variable คือตัวแปรที่กำหนดภายในฟังก์ชันหรือลูปของโปรแกรม Global Variable คือตัวแปรที่กำหนดภายนอกโปรแกรมหลัก	Local Variable คือตัวแปรที่มองเห็นเฉพาะในฟังก์ชันหรือในลูปโปรแกรม Global Variable คือตัวแปรที่สามารถมองเห็นได้ทุกแห่งในโปรแกรม	Local Variable คือตัวแปรที่เปลี่ยนแปลงค่าได้ Global Variable คือตัวแปรที่ไม่สามารถเปลี่ยนแปลงค่าได้	ถูกเฉพาะข้อ 1 และ 2	none	4	none	none	none	none	none	none	1
110	คอมพิวเตอร์จัดเก็บข้อมูลทุกชนิดในรูปแบบใด	เลขฐานสอง	เลขฐานสิบหก	เลขฐานสิบ	เลขฐานสิบแปด	none	1	none	none	none	none	none	none	1
111	เราควรระบุชนิดของตัวแปรให้สอดคล้องกับช่วงการเก็บข้อมูลที่เป็นไปได้ เหตุผลข้อใดสำคัญที่สุด	เพื่อความรวดเร็วในการคำนวณ	เพื่อให้สามารถเก็บข้อมูลทุกตัวได้ถูกต้อง	เพื่อรักษาความปลอดภัยของข้อมูล	เพื่อให้หน่วยประมวลผลทำงานง่ายขึ้น	none	2	none	none	none	none	none	none	1
112	ในการเก็บค่าเลขจำนวนเต็มด้วยวิธี Sign-Magnitude จะต้องใช้เนื้อที่กี่บิตในการเก็บค่า Magnitude ของเวิร์ดที่มี n บิต	n-1 บิต	n-2 บิต	n บิต	n+1 บิต	none	1	none	none	none	none	none	none	1
113	int ใช้ระบุถึงตัวแปรประเภทใด	ตัวอักขระ	ชุดข้อความ	ตัวเลขจำนวนเต็ม	เลขฐาน 16	none	3	none	none	none	none	none	none	1
114	float ใช้ระบุชนิดตัวแปรประเภทใด	เลขฐาน 16	ชุดข้อความ	ตัวเลขจำนวนเต็ม	ตัวเลขจำนวนจริง	none	4	none	none	none	none	none	none	1
115	จงแปลงเลข 4286 เป็นเลขฐานสอง	1.10E+12	1.10E+12	1.00E+12	1.00E+12	none	4	none	none	none	none	none	none	1
116	"ในการเขียนโปรแกรมภาษา C,C++ คำตอบข้อใดเป็นข้อมูลของเลขฐาน 16"	120X	0X14	13	31H	none	2	none	none	none	none	none	none	1
117	ข้อมูลในลักษณะใดที่ถูกต้องที่สุดต่อไปนี้เป็นข้อมูลที่เรียกว่า อะเรย์	เป็นข้อมูลเลขจำนวนจริง	เป็นข้อมูลเลขจำนวนเต็ม	เป็นข้อมูลชนิดข้อความ	เป็นข้อมูลชนิดเดียวกันหลายข้อมูลที่ใช้ชื่อตัวแปรตัวเดียวกัน	เป็นข้อมูลที่ไม่สามารถนำมาคำนวณได้	4	none	none	none	none	none	none	1
118	"การประกาศค่าตัวแปรในการเขียนโปรแกรมภาษา c,c++ ที่เก็บข้อมูลของเลขฐาน 8 และฐาน 16 จะประกาศเป็นตัวแปรชนิด"	float	double	int	long double	none	3	none	none	none	none	none	none	1
119	ตัวแปรชนิดใดที่ใช้พื้นที่หน่วยความจำน้อยที่สุด	char	int	float	double	none	1	none	none	none	none	none	none	1
120	ตัวแปรชนิดใดที่ใช้พื้นที่ในหน่วยความจำขนาด 4 bytes	char	ussigned char	int	 float	none	4	none	none	none	none	none	none	1
121	ข้อใดถือว่าถูกต้องในการตังชื่อตัวแปร	@@AA	#aa	!aa	aa_	none	4	none	none	none	none	none	none	1
122	ข้อใดเป็นคำตอบที่ถูกต้องสำหรับการกำหนดค่าตัวแปร	"char[2] name =""abcde"";"	"char{2} name = ""abcde"";"	"char[6] name =""abcde"";"	"char{6} name = ""abcde"";"	none	3	none	none	none	none	none	none	1
123	รหัสบังคับการพิมพ์ใดในโปรแกรมภาษา C ที่ใช้สำหรับการพิมพ์เลขจำนวนเต็มที่ไม่มีเครื่องหมาย	%c	%e	%f	%u	none	4	none	none	none	none	none	none	1
124	"คำสั่งในภาษา C,C++ ที่ใช้สำหรับบังคับการพิมพ์ให้ทำการเลื่อนแท็บในแนวตั้ง"	\n	\t	\v	\r	none	3	none	none	none	none	none	none	1
125	x เป็นข้อมูลชนิด Real y เป็นข้อมูลชนิด Integer คำสั่งข้อใดที่ไม่สามารถใช้งานได้ เนื่องจากเกิดข้อผิดพลาดในการ compile หรือ run โปรแกรม	x + y	x mod y	x * y	x / y	none	2	none	none	none	none	none	none	1
126	ตัวแปร X ในข้อใดสามารถกำหนดชนิดตัวแปรประเภท int	x = 3000000000	X = 35.01	x = 300 + 20*3	x = 3.1416 * 2	none	3	none	none	none	none	none	none	1
127	ตัวแปรชนิดใดเหมาะสมที่สุด สำหรับเก็บค่าเฉลี่ย	integer	character	string	float	none	4	none	none	none	none	none	none	1
128	ต้องการประกาศตัวแปรเพื่อเก็บข้อมูลชนิดตัวอักขระตัวเดียวควรประกาศตัวแปรเป็นชนิดข้อมูลใดต่อไปนี้	char	string	real	integer	none	1	none	none	none	none	none	none	1
129	d มีค่าเท่ากับข้อใดเมื่อ	a>b	a<>b	not c	ถูกทั้งคำตอบที่ 1 และ 2	none	3	q129.png	none	none	none	none	none	1
130	จาก program Q3 เป็นการแปลงอุณหภูมิ จาก ?C (ตั้งแต่ 0?Cถึง 100?C)เป็น?F เมื่อต้องการทำให้โปรแกรมนี้สมบูรณ์ บรรทัดที่ 6 ควรเติมอะไร	a: integer	a: real	var a: integer	var a:real	none	4	q130.png	none	none	none	none	none	1
131	"หากกำหนดตัวแปรดังนี้ x,y เป็นชนิดจำนวนเต็ม z เป็นชนิดจำนวนจริง c เป็นชนิดอักขระ ข้อใดเป็นนิพจน์(expression)ที่ไม่ถูกต้อง"	x+y/z	#NAME?	x*x*y	z+c	none	4	none	none	none	none	none	none	1
132	ถ้าท่านต้องเขียนโปรแกรมเพื่อหาผลคูณของเมตริกซ์ ตัวแปรที่ใช้เก็บข้อมูลเมตริกซ์ที่เหมาะสมมากที่สุดควรเป็นประเภทใด	จำนวนเต็ม	ประเภทโครงสร้าง(record หรือ structure)	อาเรย์ 2 มิติ	พอยน์เตอร์(pointer)	none	3	none	none	none	none	none	none	1
133	"หากกำหนดตัวแปรสามตัวดังนี้คือ char a,b,c; หาก b มีค่าเท่ากับ 100 และ c มีค่าเท่ากับ 100 แล้ว a=b*c; จะให้ผลอย่างไร"	a จะเก็บค่า 10000	a จะเก็บค่า -10000	a จะเก็บค่า 255 ซึ่งเป็นค่าที่สูงที่สุดเท่าที่ตัวแปรชนิด char เก็บค่าได้	เกิดความผิดพลาดในการจัดเก็บค่าลงใน a ซึ่งอาจส่งผลต่อการทำงานของโปรแกรมโดยรวมได้	none	4	none	none	none	none	none	none	1
134	ข้อมูลของน้ำหนักคนจัดเป็นข้อมูลประเภทใด	Real	Integer	Alphabet	Boolean	none	1	none	none	none	none	none	none	1
135	ข้อมูลประเภท Date ควรจัดอยู่ในข้อมูลประเภทใด	Real	Integer	Boolean	ไม่มีข้อถูก	none	2	none	none	none	none	none	none	1
136	ข้อใดคือฟังก์ชันที่รับข้อมูลที่ละตัวอักขระ	printf();	chart();	clrscr();	getchar();	none	4	none	none	none	none	none	none	1
137	ข้อใดคือรหัสควบคุมรูปแบบสำหรับการแสดงผลตัวเลขจำนวนเต็ม	%c	%f	%d	%s	none	3	none	none	none	none	none	none	1
138	ข้อมูลชนิดตัวเลข Float ตรงกับข้อใด	123	0x174	55.5555	-2345	none	3	none	none	none	none	none	none	1
139	ข้อใดต่อไปนี้คือคำสั่งรับข้อมูล	scanf()	printf()	getinfo()	putchar()	none	1	none	none	none	none	none	none	1
140	ข้อใดคือหลักการตั้งชื่อตัวแปรในโปรแกรมภาษาซี	ต้องขึ้นต้นด้วยตัวเลข	ภายในชื่อต้องใช้สัญลักษณ์ #	ความหมายของชื่อไม่ควรเกิน 64 ตัว	ภายในชื่อไม่มีเว้นวรรค	none	4	none	none	none	none	none	none	1
141	ข้อมูลที่มี 0x นำหน้า เป็นตัวเลขแบบใด	ข้อมูลชนิดเลขฐานแปด	ข้อมูลชนิดทศนิยม	ข้อมูลชนิดจำนวนเต็ม	ข้อมูลชนิดเลขฐานสิบหก	none	4	none	none	none	none	none	none	1
142	การตั้งชื่อในข้อใดถูกต้องในโปรแกรมภาษาซี	com-puter	8number	right#	class_room	none	4	none	none	none	none	none	none	1
143	การตั้งชื่อในข้อใดถูกต้องในโปรแกรมภาษาซี	007bond	james_bond	jason born	jamesbond%	none	2	none	none	none	none	none	none	1
144	ข้อใดต่อไปนี้คือคำสั่งแสดงผลทีละอักขระ	printf()	scanf()	getchar()	putchar()	none	4	none	none	none	none	none	none	1
145	ฟังก์ชันใดเป็นการแสดงผลออกทางหน้าจอ	printf()	scanf()	gets()	fopen()	none	1	none	none	none	none	none	none	1
146	ฟังก์ชันใดเป็นการรับข้อมูลเป็นข้อความ	printf()	fgetpos()	switch()	gets()	none	4	none	none	none	none	none	none	1
147	จงเขียนสมการทางคอมพิวตอร์จากสมการทางคณิตศาสตร์ที่กำหนดมาให้	y=a*b/c*d + b/ a+c + a*b*c /d ;	y=a*b/c*d + b/(a+c) + a*b*c /d ;	y=a*b/c/d + b/(a+c) + a*b*c /d ;	y=a*b/c/d + b/a+c + a*b*c /d ;	none	3	q147.png	none	none	none	none	none	1
148	กำหนดให้ตัวแปรทุกตัวเป็นชนิดจำนวนเต็มถ้า a = 100 ; b = 200 ; c = 50 ; d = 2 ;a/c/d*b + b /(a+c) + a/d*c*b/1000 ; มีค่าเท่าไร	701	700	501	702	none	1	none	none	none	none	none	none	1
149	"ให้ตัวแปรทุกตัวเป็นชนิดจำนวนเต็มจงหาค่าของ x,a, และ b หลังจากส่วนของโปรแกรมข้างล่างนี้ทำงานเสร็จ"	"x=0, a = -2, b = 5"	"x = 4, a = 6, b = 2"	"x = 6, a =6, b = 2"	"x = 6, a = 5, b = 1"	none	3	q149.png	none	none	none	none	none	1
150	"ให้ a และ b เป็นตัวแปรจำนวนเต็ม ถ้า a = 5, b = 2 ผลลัพธ์ของ a / b มีค่าเท่าใด"	2	2.5	1	0.5	none	1	none	none	none	none	none	none	1
151	"ให้ a และ b เป็นตัวแปรจำนวนเต็ม และ % คือ modulus operatorถ้า a = 5, b = 2 ผลลัพธ์ของ a % b มีค่าเท่าใด"	2	2.5	1	0.5	none	3	none	none	none	none	none	none	1
152	ข้อใดให้ผลลัพธ์เท่ากับ (a+b/c-d)*e	((a+b)/c-d)*e	(a+b)/c-d*e	a+b/c*e-d*e	(a*e+b*e/c-d*e)	none	4	none	none	none	none	none	none	1
153	-(-15+(2*4-2))+((6+3)*5+7)/4 มีค่าเท่าใด	23	22	21	20	none	2	none	none	none	none	none	none	1
154	ข้อใดต่อไปนี้ผิด	(a AND b) เป็นจริง ก็ต่อเมื่อทั้ง a และ b มีค่าเป็นจริง	(NOT a) เป็นเท็จ ก็ต่อเมื่อ a มีค่าเป็นจริง	(a OR b) เป็นเท็จ ก็ต่อเมื่อทั้ง a และ b มีค่าเป็นเท็จ	NOT (a AND b) เป็นจริง ก็ต่อเมื่อ a หรือ b มีค่าเป็นเท็จ	none	4	none	none	none	none	none	none	1
155	"กำหนดให้ X=1, Y=10, Z=100 นิพจน์ใดต่อไปนี้ได้ค่าตรรกะเป็นจริง"	NOT (Z/Y == Y)	NOT(Y*X == Y)	Z <= (Y*Y 1)	X*Z => Z/X	none	4	none	none	none	none	none	none	1
156	"กำหนดให้ A=1, B=2, C=3, D=4 เงื่อนไขใดต่อไปนี้ ได้ค่าตรรกะเป็นเท็จ"	(A*B+C > C-B) && (A*D/B <= B)	(A+B*C < B-C) || ((C+D)*A == A+B*C)	(B/A <= D/C) || ((A+C) == (D*A)) && (C/B < A/D)	(A < B) && (C < D) && (A > B) || (D==2*B)	none	3	none	none	none	none	none	none	1
157	"ให้ตัวแปร wet, cold, และ windy เป็นตัวแปรที่เก็บค่าจริงเท็จได้ ถ้า wet=true , cold=false, windy=false(cold AND (NOT wet)) OR NOT(windy OR cold) มีค่าความจริงคืออะไร"	จริง	เท็จ	ไม่สามารถสรุปได้	ประโยคที่เขียนหาค่าทางตรรกะไม่ได้	none	1	none	none	none	none	none	none	1
158	ภาษาคอมพิวเตอร์ที่ใช้ในข้อนี้มีคุณสมบัติดังนี้ 1. % แทน modulus operator  2. & แทน bitwise AND operator 3. ค่าตรรกะจริง มีค่าเท่ากับ 1   4. ค่าตรรกะเท็จ มีค่าเท่ากับ 0   5. สามารถนำค่าตรรกะไปประมวลผลกับจำนวนได้    จากการคำนวณต่อไปนี้ ข้อใดคำนวณหาคำตอบได้ถูกต้อง	(3<2) + 5 มีค่าเท่ากับ 6	(8 % 3) - 1 มีค่าเท่ากับ 0	(3 = 3) + (6 <> 9) * 3 มีค่าเท่ากับ 6	(23  2) & 1 มีค่าเท่ากับ 1	none	4	none	none	none	none	none	none	1
159	ให้ y เป็นตัวแปรจำนวนเต็ม และ % คือ modulus operator ข้อใดเป็นค่าของ y เมื่อ y = 1  5 / 3 + 9 % 4;	0	1	-1	2	none	2	none	none	none	none	none	none	1
160	หลังจากส่วนของโปรแกรมข้างล่างนี้ทำงานเสร็จ answer มีค่าเท่าใด (% คือ modulus operator)	-11.6	-12.5	-13.1	12	none	2	q160.png	none	none	none	none	none	1
161	": กำหนดให้1. fmod(x,y) คืนค่าเศษหลังจุดทศนิยมของผลหาร x/y 2. floor(x) คืนค่าจำนวนเต็มที่ได้จากการปัดเศษหลังจุดทศนิยมของค่าในตัวแปร x ทิ้งไป หลังจากทำงานสองบรรทัดข้างล่างนี้แล้ว x มีค่าเป็นเท่าไร (ให้ x เป็นตัวแปรจำนวนจริง)"	1	19.75	0.75	1.75	none	3	q161.png	none	none	none	none	none	1
162	ให้ตัวแปรทุกตัวเป็นชนิดจำนวนเต็ม หลังจากส่วนของโปรแกรมข้างล่างนี้ทำงานเสร็จ x1 และ x2 มีค่าเท่าใด?	"x1 = 5, x2 = 5"	"x1 = 3, x2 = 1"	"x1 = 1, x2 = 5"	"x1 = 3, x2 = 3"	none	4	q162.png	none	none	none	none	none	1
163	ให้ตัวแปรทุกตัวเป็นชนิดจำนวนเต็ม หลังจากส่วนของโปรแกรมข้างล่างนี้ทำงานเสร็จ ตัวแปร ans มีค่าเท่าใด	18	17	16	15	none	4	q163.png	none	none	none	none	none	1
164	เมื่อส่วนของโปรแกรมนี้ทำงานแล้ว ค่าของ x คืออะไร?	0	1	2	3	none	4	q164.png	none	none	none	none	none	1
165	ส่วนของโปรแกรมใดต่อไปนี้มีความหมายเหมือนกับส่วนของโปรแกรมฝนภาพ	"if(raining && window_open) puts(""Close the window"");"	"if(raining || window_open) puts(""Close the window"");"	"if(not (raining && window_open)) puts(""Close the window);"	"if(not (not raining || window_open) puts(""Close the window);"	none	1	q165.png	none	none	none	none	none	1
166	กำหนดให้ sqrt(Y) คือฟังก์ชันหาค่ารากที่สองของ Y จงหาค่าของนิพจน์ต่อไปนี้ เมื่อให้ค่าตัวแปร M = -3 N = 5 X = -3.57 Y = 4.78 1. sqrt(Y) < N  2. (X > 0) OR (Y > 0)  3. (NOT((M > N) AND (X < Y))) OR ((M <= N) AND (X > X))	1. เท็จ 2. จริง 3. จริง	1. จริง 2. จริง 3. จริง	1. เท็จ 2. เท็จ 3. จริง	1. จริง 2. จริง 3. เท็จ	none	2	none	none	none	none	none	none	1
167	"กำหนดค่าของตัวแปรจำนวนเต็มต่อไปนี้ count = 16, num = 4; และค่าของตัวแปรจำนวนจริงต่อไปนี้ value = 31.0, many = 2.0; เมื่อกระทำตามคำสั่งต่อไปนี้ value = (value - count)*(count - num)/many + num/many; ตัวแปร value มีค่าเท่าไร"	91	92	101	102	none	2	none	none	none	none	none	none	1
168	กำหนดตัวแปร Value = 50; เมื่อกระทำการ bit-wise XOR (exclusive or) ด้วยตัวแปร Value เอง จะมีผลอย่างไรกับค่าตัวแปร Value	ตัวแปร Value จะมีค่าเท่ากับ 0	ตัวแปร Value จะมีค่าเท่ากับ 1	ตัวแปร Value จะมีค่าเท่ากับ 50	ไม่มีข้อใดถูกต้อง	none	1	none	none	none	none	none	none	1
169	ข้อใดคือความแตกต่างระหว่าง Bitwise Operator และ Logical Operator	Bitwise Operator จะกระทำตรรกกับบิตข้อมูลของตัวแปร แต่ Logical Opeator จะกระทำตรรกกับค่าข้อมูลของตัวแปร	Bitwise Operator จะกระทำตรรกกับตัวแปรชนิดจำนวนเต็ม แต่ Logical Operator จะกระทำตรรกกับตัวแปรชนิดใด ๆ ก็ได้	Bitwise Operator จะกระทำตรรกกับตัวแปรชนิดใด ๆ ก็ได้ แต่ Logical Operator จะกระทำตรรกกับตัวแปรชนิดจำนวนเต็ม	Bitwise Operator และ Logical Operator เป็นเพียงชื่อเรียกของ Compiler แต่ละภาษาเท่านั้น	none	1	none	none	none	none	none	none	1
170	กำหนดให้ % แทน modulus operator ถ้า 22 % x มีค่าเท่ากับ 4; x มีค่าเท่าไร	2	4	6	8	none	3	none	none	none	none	none	none	1
171	ข้อใดมีค่าจริงเสมอ	P and P	P or P	not(P) and P	not(P) or P	none	4	none	none	none	none	none	none	1
172	"กำหนดให้ฟังก์ชัน f มีลักษณะดังนี้ เงื่อนไขที่ 1 f(n) = f(n-1)+f(n-2) เมื่อ n เป็นจำนวนเต็ม, n ? 2 เงื่อนไขที่ 2 f(1) = 1 และ f(0) = 1 จงหาว่า f(7) มีค่าเท่าไร"	0	11	21	31	นับไม่ถ้วน	3	none	none	none	none	none	none	1
173	กำหนดให้ฟังก์ชัน g มีคุณสมบัติดังนี้ g(0) = 1 g(n) = 2g(n-1) เมื่อ n > 0 จงหาค่า g(n)	g(n) = 2n	g(n) = n*n	g(n) = 2 ยกกำลัง n	g(n) = 2 ยกกำลัง (n+1)	none	3	none	none	none	none	none	none	1
174	โอเปอเรเตอร์ ++ หมายถึงการกระทำในลักษณะใด	เพิ่มค่าตัวแปรทีละหนึ่ง	การหารค่าตัวแปร	การยกกำลังของตัวแปร	การหารแบบปัดส่วน	การบวกแบบทวีคูณ	1	none	none	none	none	none	none	1
175	3+4*6/2+1 มีค่าเท่ากับ	9	11	14	16	none	4	none	none	none	none	none	none	1
176	"ข้อใดเป็นจริงเมื่อ q=10,r=5,s=10"	(s/r) <= q	(s*r) <=q	(q-r) == (s-q+r)	(q) < (r-s)	none	3	none	none	none	none	none	none	1
177	จงหานิพจน์ที่สมมูลกับ NOT( A OR B OR C)	NOT ( (NOT A) AND (NOT B) AND (NOT C) )	NOT ( A AND B AND C )	( NOT A ) AND (NOT B) AND (NOT C)	A AND B AND C	none	3	none	none	none	none	none	none	1
178	ฟุตบอลไทยจะชนะเมื่อมีเงื่อนใขต่อไปนื้ครบถ้วน 1. นักฟุตบอลสมบูรณ์ 2. ฝนต้องไม่ตก 3. แข่งในเมึองไทย 3. แต่ถ้าศูนย์หน้าป่วยอาจแพ้ได้ ให้ A แทน นักฟุตบอลสมบูรณ์ B แทน ฝนไม่ตก C แทน แข่งในเมึองไทย D แทน ศูนย์หน้าป่วยจงเขียนประโยคข้างบนเป็นนิพจน์ บูลลีน	A AND B AND C AND D	A AND B OR C AND D	A AND B AND C OR D	A AND B AND C AND (NOT D)	none	4	none	none	none	none	none	none	1
179	(1 + 2 * 3 - 4) มีค่าเท่าใด	-3	1	3	5	none	3	none	none	none	none	none	none	1
180	ให้ a และ b เป็นตัวแปรจำนวนเต็ม และ % แทน modulus operator อยากทราบว่า a และ b มีค่าเท่าใด ที่ทำให้a % b มีค่าเท่ากับ 1  b % a มีค่าเท่ากับ 2	a = 5 และ b = 4	a = 4 และ b = 5	a = 3 และ b = 2	a = 2 และ b = 3	none	3	none	none	none	none	none	none	1
181	3 + 5 * 5 -1 มีค่าเท่าใด	23	27	49	625	none	2	none	none	none	none	none	none	1
182	"ถ้าให้ตัวแปร wet, cold, windy มีค่าความจริงดังนี้ wet=true, cold=false, windy=false เครื่องหมาย && คือ and , เครื่องหมาย || คือ or, เครื่องหมาย ! คือ not จงหาค่าความจริงของ (cold && !wet) || !(windy || cold)"	จริง	เท็จ	นิพจน์ที่เขียนเป็นนิพจน์ทางตรรกศาสตร์ที่ผิด	ไม่สามารถหาได้	none	1	none	none	none	none	none	none	1
183	ข้อใดถูกต้อง	(x > 0) จะเป็นจริง เมื่อ x เป็น 0	(x >= 0) จะเป็นจริง เมื่อ x ไม่เท่ากับ 0	(x <= 0) จะเป็นเท็จ เมื่อ x เป็นจำนวนบวก	 (x < 0) จะเป็นเท็จ เมื่อ x เป็นจำนวนลบ	none	3	none	none	none	none	none	none	1
184	ให้ %แทน modulus operator และมีลำดับการทำงานจากซ้ายไปขวา(203 % 10 % 9 % 7 % 5) มีค่าเท่าใด	0	1	2	3	none	4	none	none	none	none	none	none	1
185	ให้ % แทน modulus operator (201 % (11 % (8 % (7 % 4)))) มีค่าเท่าใด	0	1	2	3	none	1	none	none	none	none	none	none	1
186	"กำหนดให้ a,b,c เป็นตัวแปรชนิดจำนวนเต็ม ซึ่งมีค่าดังนี้ a=10,b=20,c=30 จงหาค่าของนิพจน์ a + b * c / a + 10"	70	80	100	120	none	2	none	none	none	none	none	none	1
187	"ให้ && แทน AND, || แทน OR operator ใดทำงานก่อนเป็นอันดับแรก ในการหาค่าของนิพจน์ตรรกศาสตร์นี้  (x > y + 80) && (z > 100) || (x > 500)"	+ ใน (y + 80)	> ใน (x > y + 80)	&&	||	none	1	none	none	none	none	none	none	1
188	เมื่อส่วนของโปรแกรมข้างล่างนี้ทำงานเสร็จ x มีค่าเท่าใด	120	100	80	60	none	1	q188.png	none	none	none	none	none	1
189	กำหนดให้   1. ~ คือการกระทำ one-complement (หรือเรียกอีกอย่างว่า bit-wise not)  2. & คือการกระทำ bit-wise and  3. ! คือการกระทำ logical not  4. ผลของการกระทำ logical operation มีค่าได้เพียงสองค่าเท่านั้นคือ 1 (จริง) และ 0 (เท็จ)  กระบวนการ ~!(b & 1) จะได้ค่าใด หาก b เป็นตัวแปรจำนวนเต็มซึ่งมีค่าเท่ากับ 5	5	1	0	4	none	4	none	none	none	none	none	none	1
190	สมมติว่ามีการต่อเครื่องคอมพิวเตอร์เข้ากับระบบภายนอก ซึ่งเมื่อมีการอ่านข้อมูลเข้ามาทางพอร์ตขนาด 8 บิต แล้ว 4 บิตบน จะเป็น ค่าข้อมูลจากแหล่งที่หนึ่ง และ 4 บิตล่าง เป็นค่าข้อมูลจากแหล่งที่สอง หากเราต้องการตรวจสอบว่า ค่าข้อมูลจากแหล่งที่หนึ่ง เป็นค่าใดนั้น เราจะต้องใช้นิพจน์ใดเพื่อหาค่าดังกล่าว สมมติว่าข้อมูลได้ถูกนำมาพักไว้ในตัวแปร x ก่อนที่จะส่งเข้านิพจน์ เพื่อทำการหาคำตอบ	x>>4	x/16	x-64	x%64	ไม่สามารถหาได้ ต้องออกแบบให้มีการรับค่าแยกพอร์ตกันเท่านั้น	2	none	none	none	none	none	none	1
191	"ให้ตัวแปรทุกตัวเป็นตัวแปรจำนวนจริง โดยที่ X1 = 1, X2 = 2, X3 = 3, X4 = 4  อยากทราบว่า X1 / X2 * X3 / X4 มีค่าเท่าใด"	0.417	0.375	0.667	0.867	none	2	none	none	none	none	none	none	1
192	กำหนดให้ / คือ operator หารแบบจำนวนเต็ม ซึ่งจะปัดเศษทิ้งเสมอ นิพจน์ใดต่อไปนี้ที่ไม่ได้ค่าเป็น 23	3 + 4 * 5	200 / 5 / 2 + 10 / 3	1 + 77 / 7 * 2	23 / 3 * 3	none	4	none	none	none	none	none	none	1
193	none	r = -b - (b^2 - 4ac) ^ 0.5 / 2a	r = -b - (b^2 - 4*a*c) ^ 0.5 / 2.0 * a	r = -b - (b^2 - 4*a*c) ^ 0.5 / (2.0*a)	r = (-b - (b*b - 4*a*c) ^ 0.5 ) / a / 2.0	none	4	q193.png	none	none	none	none	none	1
194	กำหนดให้ m เป็นตัวแปรชนิดจำนวนเต็มข้อใดเป็นการตรวจสอบค่าของตัวแปร m ที่ต่างจากข้ออื่น	NOT((m < 1) AND (m > 12))	(m < 13) AND (m > 0)	NOT(NOT(1 <= m) OR NOT(m <= 12))	(1 <= m) AND (m => 12)	none	1	none	none	none	none	none	none	1
195	ให้ n เป็นตัวแปรแบบจำนวนเต็ม และ % แทน modulus operatorจะทำอย่างไรจึงจะได้ตัวเลขสองตัว ณ ตำแหน่งหลักพันและหลักร้อยของจำนวนเต็มในตัวแปร n (เช่นถ้า n = 12345 สิ่งที่ต้องการคือ 23)	(n / 1000) % 100	(n % 1000) / 100	(n % 10000) / 100	(n % 10000) / 1000	none	3	none	none	none	none	none	none	1
196	ให้ C คือตัวแปรจำนวนจริงที่แทนอุณหภูมิเป็นองศาเชลเชียส ข้อใดข้างล่างนี้ไม่แทนการแปลงอุณหภมิใน C ให้เป็นองศาฟาเรนไฮต์เพื่อเก็บใส่ตัวแปร Fหมายเหตุ : 0 องศาเซลเซียสเทียบได้กับ 32 องศาฟาเรนไฮต์ และ 100 องศาเซลเซียสเทียบได้กับ 212 องศา ฟาเรนไฮต์	F = C * 180/100 + 32	F = 32 + 1.8 * C	F = 1.8C + 32	F = 9 * C / 5 + 32	none	3	none	none	none	none	none	none	1
197	ให้ % แทน modulus operator (201 % (11 % (8 % (7 % 4)))) มีค่าเท่าใด	0	1	2	3	none	1	none	none	none	none	none	none	1
198	ให้ m คือตัวแปรจำนวนเต็ม ข้อใดที่ไม่ใช่นิพจน์ที่แทนการทดสอบ 1 <= m <= 12	! ((m < 1) && (m > 12))	! ( (m < 1) || (m >= 13) )	! ( ! (1 <= m) || ! (m <= 12) )	(1 <= m) && (m >= 12)	none	1	none	none	none	none	none	none	1
199	ให้ n คือตัวแปรจำนวนเต็มข้อใดให้ค่าจริง ก็ต่อเมื่อ n เก็บค่าที่เป็นจำนวนคี่	(n == 1) || (n == 3) || (n == 5) || (n == 7) || (n == 9)	(n / 10 == 1)	(n / 2 == 1)	(n % 2 == 1)	none	4	none	none	none	none	none	none	1
200	ให้ n เป็นตัวแปรจำนวนเต็มข้อใดให้ค่าจริงเมื่อ n มีค่าตั้งแต่ 13 ถึง 22	(13 < n) && (n < 22)	! ((n > 22) || (n < 13))	(12 < n) || (n < 23)	(n - (22 - 13 + 1) > 0)	none	2	none	none	none	none	none	none	1
201	ให้ n เป็นตัวแปรจำนวนเต็มที่เก็บรหัสไปรษณีย์ที่มีขนาด 5 หลักที่ใช้กันอยู่ในปัจจุบัน (เช่น 10600 แถวคลองสาน 10300 แถวปทุมวัน กรุงเทพฯ) ถ้าเป็นรหัสไปรษณีย์ของจังหวัดประจวบคีรีขันธ์ จะขึ้นต้นด้วย 77 เช่น 77000 คืออำเภอเมือง 77130 คืออำเภอทับสะแก ข้อใดให้ค่าจริงเมื่อ n เก็บรหัสไปรษณีย์ของจังหวัดประจวบคีรีขันธ์ 	(n % 77 == 0)	(n % 100 == 77)	(n / 1000 == 77)	(n / 77 == 0)	none	3	none	none	none	none	none	none	1
202	"ให้ random() เป็นฟังก์ชันที่คืนจำนวนจริงที่สุ่มจากค่าในช่วง [0, 1) คือตั้งแต่ 0 ไปจนถึงเกือบ ๆ 1 (ไม่รวม 1)ข้อใดเป็นการสุ่มค่าจำนวนเต็มในช่วง [a, b] คือตั้งแต่ a จนถึง b (a และ b เป็นตัวแปรจำนวนเต็ม โดยที่ a < b) (กำหนดให้ floor(x) เป็นฟังก์ชันคืนจำนวนเต็มที่ได้จากการปัดเศษหลังจุดทศนิยมของ x ออกหมด)"	floor(random() * (b - a + 1))	floor(a + random() * b)	a + floor((b - a) * random())	a + floor((b - a + 1) * random())	none	4	none	none	none	none	none	none	1
203	ให้ a เป็นตัวแปรจำนวนเต็มสมมติว่า a เก็บจำนวนตั้งแต่ 0 ถึง 99 ข้อใดข้างล่างนี้ทำให้ b มีค่าเป็นจำนวนที่เขียนสลับหลักสิบกับหลักหน่วยของ a (เช่น a เก็บ 21 จะได้ b เก็บค่า 12 เป็นต้น)	b = a / 10 + (a % 10)	b = (a % 10) * 100 + (a % 10)	b = 10 * (a % 1) + (a % 10)	b = 10 * (a % 10) + (a / 10)	none	4	none	none	none	none	none	none	1
204	"ให้ตัวแปรทุกตัวเป็นตัวแปรจำนวนเต็ม  a = 2, b = 4, c = 8, d = 16; อยากทราบว่า a + (c + d) / a * b + d / a มีค่าเท่าใด"	58	60	13	122	none	1	none	none	none	none	none	none	1
205	"ให้ตัวแปรทุกตัวเป็นตัวแปรจำนวนเต็มa = 2, b = 4, c = 8, d = 16  อยากทราบว่า b * a + d / b / a + b * c มีค่าเท่าใด"	24	35	42	ไม่มีข้อใดถูก	none	3	none	none	none	none	none	none	1
206	"ให้ a เป็นตัวแปรจำนวนจริง, && แทนการ AND, || แทนการ ORข้อใดให้ผลเป็นเท็จตลอด ไม่ขึ้นกับค่าของ a"	(12 < a) && (a < 23)	(12 < a) || (a < 23)	(a < 12) && (a > 23)	(a < 12) || (a > 23)	none	3	none	none	none	none	none	none	1
207	"ให้ a เป็นตัวแปรจำนวนจริง, && แทนการ AND, || แทนการ OR  ข้อใดให้ผลเป็นจริงตลอด ไม่ขึ้นกับค่าที่เก็บใน a"	(12 < a) && (a < 23)	(12 < a) || (a < 23)	(a < 12) && (a > 23)	(a < 12) || (a < 23)	none	2	none	none	none	none	none	none	1
208	"เส้นตรงเส้นหนึ่งผ่านจุด (x1, y1) และ (x2, y2) บนระนาบสองมิติ ข้อใดเป็นนิพจน์ที่คำนวณหา slope ของเส้นตรงเส้นนี้"	y1 - y2 / x1 - x2	y2 - y1 / x2 - x1	(y1 - y2) / x1 - x2	(y1 - y2) / (x1 - x2)	none	4	none	none	none	none	none	none	1
209	"ให้ (x1, y1) และ (x2, y2) เป็นจุดสองจุดบนระนาบสองมิติและ sqrt(d) คือฟังก์ชันที่คืนค่ารากที่สองของ d ข้อใดคือนิพจน์ที่คำนวณหาระยะห่างที่สั้นสุดระหว่างจุดสองจุดนี้"	sqrt((x1-x2)*(x1-x2)+(y1-y2)*(y1-y2))	sqrt((x1-x2)*(x2-x1)+(y1-y2)*(y2-y1))	sqrt((x2-x1)*(x1-x2)+(y2-y1)*(y1-y2))	sqrt((y1-y2)*(y2-y1)+(x1-x2)*(x2-x1))	none	1	none	none	none	none	none	none	1
210	ให้ n คือตัวแปรจำนวนเต็มข้อใดให้ค่าจริง ก็ต่อเมื่อ n เก็บค่าที่เป็นจำนวนคู่	(n == 0) || (n == 2) || (n == 4) || (n == 6) || (n == 8)	(n / 10 == 0)	(n % 2 == 0)	(n / 2 == 0)	none	3	none	none	none	none	none	none	1
211	ให้ n คือตัวแปรจำนวนเต็มข้อใดให้ค่าจริง ก็ต่อเมื่อ n เก็บค่าที่เป็นจำนวนคู่	(n%10 == 0) || (n%10 == 2) || (n%10 == 4) || (n%10 == 6) || (n%10 == 8)	(n/10 == 0) || (n/10 == 2) || (n/10 == 4) || (n/10 == 6) || (n/10 == 8)	(n%10 == 0) && (n%10 == 2) && (n%10 == 4) && (n%10 == 6) && (n%10 == 8)	(n/10 == 0) && (n/10 == 2) && (n/10 == 4) && (n/10 == 6) && (n/10 == 8)	none	1	none	none	none	none	none	none	1
212	ให้ n คือตัวแปรจำนวนเต็มข้อใดให้ค่าจริง ก็ต่อเมื่อ n เก็บค่าที่เป็นจำนวนคู่	(2*n/2 == n)	(n/2*2 == n)	(n/10*10 == n)	(10*n/10 == n)	none	2	none	none	none	none	none	none	1
213	ให้ n คือตัวแปรจำนวนเต็มข้อใดให้ค่าจริง ก็ต่อเมื่อ n เก็บค่าที่เป็นจำนวนคี่	(n/2*2 == n+1)	((n+1)/2*2 == n)	((n-1)/2*2 == n)	(n/2*2 == n - 1)	none	4	none	none	none	none	none	none	1
214	"วันสงกรานต์ตรงกับวันอะไร สามารถคำนวณได้ดังนี้1. เปลี่ยน ปี พ.ศ. เป็น ค.ศ. 2. นำสองหลักทางขวาของปี ค.ศ คูณด้วย 1.2 แล้วบวกด้วย 11 3. นำผลในข้อ 2 ปัดเศษหลังจุดทศนิยมทิ้ง (ใช้ฟังก์ชัน floor) แล้วหารด้วย 7 4. เศษของการหาร 7 ถ้าเป็น 0 คืออาทิตย์ 1 คือจันทร์, ..., 6 คือเสาร์ การคำนวณนี้ใช้ได้ตั้งแต่ปี 2543 ไปประมาณร้อยปี ถ้า y เก็บปีพ.ศ. ข้อใดคำนวณผลในข้อ 4  "	floor(11 + (((year - 543) / 100) * 1.2)) % 7	floor((((year - 543) % 100) * 1.2) + 11) % 7	floor((((year - 543) / 100) * 1.2) + 11) / 7	ไม่มีข้อใดถูก	none	2	none	none	none	none	none	none	1
215	"ให้ random() เป็นฟังก์ชันที่คืนจำนวนจริงที่สุ่มจากค่าในช่วง [0, 1) คือตั้งแต่ 0 ไปจนถึงเกือบ ๆ 1 (ไม่รวม 1)ข้อใดเป็นการสุ่มค่าจำนวนเต็มตั้งแต่ 0 จนถึง 50 (กำหนดให้ floor(x) เป็นฟังก์ชันคืนจำนวนเต็มที่ได้จากการปัดเศษหลังจุดทศนิยมของ x ออกหมด)"	floor( 50*random() )	floor( 50*random() ) % 50	floor( 51*random() ) % 100	ไม่มีข้อใดถูก	none	3	none	none	none	none	none	none	1
216	"ให้ random() เป็นฟังก์ชันที่คืนจำนวนจริงที่สุ่มจากค่าในช่วง [0, 1) คือตั้งแต่ 0 ไปจนถึงเกือบ ๆ 1 (ไม่รวม 1)ข้อใดเป็นการสุ่มค่าจำนวนเต็มในช่วง [-10, 10] คือตั้งแต่ -10 จนถึง 10 (กำหนดให้ floor(x) เป็นฟังก์ชันคืนจำนวนเต็มที่ได้จากการปัดเศษหลังจุดทศนิยมของ x ออกหมด)"	floor(21 * random()) % 100 - 10	floor(21 * random()) % 20 - 10	floor(20 * random()) % 20 - 10	ไม่มีข้อใดถูก	none	1	none	none	none	none	none	none	1
217	"กำหนดให้ a = 5, b = 3 , c = 2 , d = 0.5 ถ้า s = a*b+c; s ="	15	16	17	18	none	3	none	none	none	none	none	none	1
218	"กำหนดให้ a = 5, b = 3 , c = 2 , d = 0.5 ถ้า t = b+c*b; t ="	8	9	10	12	none	2	none	none	none	none	none	none	1
219	"กำหนดให้ a = 5, b = 3 , c = 2 , d = 0.5 ถ้า v = a*a+b*b+c*c; v ="	36	28	38	48	none	3	none	none	none	none	none	none	1
220	"กำหนดให้ a = 5, b = 3 , c = 2 , d = 0.5 ถ้า x = a%5; x ="	0	2	4	6	none	1	none	none	none	none	none	none	1
221	"กำหนดให้ a = 5, b = 3 , c = 2 , d = 0.5 ถ้า y = a/c; y ="	1.5	2	2.5	3	none	3	none	none	none	none	none	none	1
222	"กำหนดให้ a = 5, b = 3 , c = 2 , d = 0.5 ถ้า z = a/d; z ="	0	10	11	12	none	2	none	none	none	none	none	none	1
223	การดำเนินการโดยใช้เครื่องหมาย && จะให้ผลลัพธ์เป็นอย่างไร เมื่อ i = 2 และ j = 5 ในการดำเนินการ (i>3) && (j>4)	เป็นจริง	เป็นเท็จ	เป็นบวกเสมอ	เท่ากับหนึ่ง	none	2	none	none	none	none	none	none	1
224	"value1 , value2 ที่แสดงโดยชุดคำสั่งต่อไปนี้มีค่าเท่าใด"	"20 , 21"	"21 , 20"	"21 , 21"	"20 , 22"	none	4	q224.png	none	none	none	none	none	1
225	: ถ้าให้ x = 5; y = 7; z = 12;และ k = (x + y) * z + y; จงหาค่าของ k	74	128	151	96	47	3	none	none	none	none	none	none	1
226	สมการ z เท่ากับ x กำลังสอง บวก y กำลังสอง เขียนเป็นนิพจน์ในภาษาคอมพิวเตอร์ได้อย่างไร	z = x2 + y2;	z = x * x + y * y;	z = x * 2 + y * 2;	z = x ** 2 + y ** 2;	z = xx + yy;	2	q226.png	none	none	none	none	none	1
227	ถ้ากำหนดให้ Relative Precedence ของ Operators เป็นไปตามลำดับดังนี้ 1) ++ -- 2) * / % 3) + - จากลำดับ Operator Precedence ด้านบน จงjหาค่าตัวแปรดังต่อไปนี้ x = 4 + 5 * 3;	x= 27	x = 19	x= 17	ไม่สามารถระบุค่าได้	ถูกทุกข้อ	2	none	none	none	none	none	none	1
228	เมื่อคอมพิวเตอร์ทำโปรแกรมนี้จนจบ ผลลัพธ์จากการทำงานคือข้อใด	i มีค่า 0	j มีค่า 0	j มีค่า 1	j มีค่า 2	j มีค่า 3	4	q228.png	none	none	none	none	none	1
229	กำหนดให้โปรแกรมมีขั้นตอนการทำงานดังนี้เริ่มต้น รับค่า x และ y นำค่า x + y ใส่ลงใน a นำค่า x  y ใส่ลงใน b แสดงค่าผลคูณของ a กับ b ถ้าเครื่องคอมพิวเตอร์ทำโปรแกรมนี้ โดยผู้ใช้ใส่ค่า 8 และ 2 ผลลัพธ์ที่ได้คือข้อใด	8	16	28	60	66	4	none	none	none	none	none	none	1
230	"กำหนดให้โปรแกรมมีขั้นตอนการทำงานดังนี้ เริ่มต้นรับค่า x, y และ z รับค่า x, y และ z นำค่าที่น้อยที่สุดของ x, y, z ไปใส่ไว้ใน c นำค่าเฉลี่ยของ x, y, z ไปใส่ไว้ใน b ถ้าเครื่องคอมพิวเตอร์ทำโปรแกรมนี้จนจบแล้วข้อใดเป็นจริง"	a < b < c	a > b > c	a <= b <= c	a >= b >= c	a >= b <= c	4	none	none	none	none	none	none	1
231	ข้อใดได้ผลลัพธ์บนหน้าจอเหมือนกับคำสั่งต่อไปนี้  int a = 50; PRINTtoSCREEN(a+200);	int a = 350; PRINTtoSCREEN(a); a = a - 100;	PRINTtoSCREEN(a); int a = 50; a = a * 5;	PRINTtoSCREEN(a); a = a - 100; int a = 350;	a = a * 5; int a = 50; PRINTtoSCREEN(a);	int a = 50; a = a * 5; PRINTtoSCREEN(a);	5	none	none	none	none	none	none	1
232	"ถ้า x, y และ z มีค่าเป็น 18, 12 และ 4 ตามลำดับ ข้อใดต่อไปนี้เป็นค่าถูกต้อง เมื่อมีการทำงานเป็นดังโปรแกรม x = x  y; y = y  x; z = x * y / z;"	x = 9;	y = 12;	z = 18;	x = 2/3 ของ z;	y = 1/3 ของ z;	4	none	none	none	none	none	none	1
233	"เมื่อ x, y และ z มีค่าเป็น 100, 13 และ 91 ตามลำดับ และมีการทำงานดังโปรแกรมต่อไปนี้ข้อใดถูกต้อง"	x มีค่าเท่ากับ 25	z มีค่าเท่ากับ 8	y มีค่าเท่ากับ 21	ถ้าต้องการให้ x มีค่าเท่ากับ 12 จะต้องเปลี่ยนคำสั่งในบรรทัดที่ 3 เป็น (x+z)/y	ถ้าต้องการให้ x มีค่าเท่ากับ 25 จะต้องเพิ่มคำสั่ง z = z-2;ก่อนหน้าบรรทัดที่ 3	5	q233.png	none	none	none	none	none	1
234	ค่า X จากโปรแกรมนี้คืออะไร	6	5	7	4	3	1	q234.png	none	none	none	none	none	1
235	ค่า X จากโปรแกรมนี้คืออะไร	0	1	2	3	4	2	q235.png	none	none	none	none	none	1
236	ค่า X จากโปรแกรมนี้คืออะไร	0	3	11	14	none	3	q236.png	none	none	none	none	none	1
237	จากโปรแกรมภาษา C จงหาค่าของตัวแปร Newcount และ Count เมื่อโปรแกรมสิ้นสุดการทำงาน	"2,4"	"2,5"	"3,4"	"3,5"	none	1	q237.png	none	none	none	none	none	1
238	จากโปรแกรม ภาษา C ต่อไปนี้ จงหาค่าของตัวแปร Newcount และ Count เมื่อโปรแกรมหยุดทำงาน	"4,5"	"4,6"	"5,5"	"5,6"	none	3	q238.png	none	none	none	none	none	1
239	หลังจากโปรแกรมทำงานครบทั้งสี่บรรทัด ข้อใดผิด	ตัวแปร x จะมีค่าเท่ากับ 5	x - y จะมีค่าเท่ากับ 5	y จะมีค่าเท่าเดิม	ไม่มีข้อใดผิด	none	2	q239.png	none	none	none	none	none	1
240	ถ้า b = 10 และ c = 5 ผลการทำงานหลังจากบรรทัดที่ 2 แล้ว a จะมีค่าเท่าใด บรรทัดที่ 1 b = b + c ;  บรรทัดที่ 2 a = b - 5 ;	5	20	25	15	10	5	none	none	none	none	none	none	1
241	ถ้า b = 5 และ c = 8 ผลการทำงานหลังจากบรรทัดที่ 3 แล้ว a จะมีค่าเท่าใด  บรรทัดที่ 1 b = b * 2;  บรรทัดที่ 2 c = c + b ;  บรรทัดที่ 3 a = b * c; 	40	65	80	180	none	4	none	none	none	none	none	none	1
242	ถ้า b = 10 และ c = 5 ผลการทำงานหลังจากบรรทัดที่ 4 แล้ว c จะมีค่าเท่าใด   บรรทัดที่ 1 b = b + c;  บรรทัดที่ 2 a = b - 5;  บรรทัดที่ 3 b = a -c;  บรรทัดที่ 4 c = b + a;	-10	5	10	15	none	4	none	none	none	none	none	none	1
243	ลำดับคำสั่งในข้อใดต่อไปนี้ให้ผลลัพธ์เป็นการสลับค่าของตัวแปร x กับ ตัวแปร y	x=y; y=x;	x=x+y; y=x-y; x=y-x;	x=x-y; y=y+x; x=x+y;	x=x+y; y=x-y; x=x-y;	none	4	none	none	none	none	none	none	1
244	none	12	13	15	18	20	4	q244.png	none	none	none	none	none	1
245	none	dx2 = x1 - x2 * x1 - x2; dy2 = y1 - y2 * y1 - y2; d = squareRoot( dx2 + dy2 );	"dx = x1 - x2; dy = y2 - y1; d = squareRoot( dx*dx, dy*dy );"	dx = x2 - x1; dy = y2 - y1; dx2 = dx*dx; dy2 = dy*dy; d = dx2+dy2; d = squareRoot( d );	dx = x1 - x2; dy = y1 - y2; dxy = dx*2 + dy*2; d = squareRoot(dxy);	none	3	q245.png	none	none	none	none	none	1
246	none	บรรทัด 04 กับ 05	บรรทัด 05 กับ 06	บรรทัด 06 กับ 07	บรรทัด 07 กับ 08	none	3	q246.png	none	none	none	none	none	1
247	โครงสร้างแบบใดมีลักษณะการทำงานการวนรอบเพื่อทำงานซ้ำจะเริ่มต้นจากการทำงานตามคำสั่งของ do ก่อน หนึ่งรอบ แล้วจึงเริ่มตรวจสอบ เงื่อนไขที่คำสั่ง while	for	if-else	while	do-while	none	4	none	none	none	none	none	none	1
248	คำสั่งใดเป็นการขึ้นบรรทัดใหม่	\m	\n	\o	\p	none	2	none	none	none	none	none	none	1
249	"จากโปรแกรม main() { int a,b,c,d; printf(Enter three number ); scanf(%d%d%d,&a,&b,&c); d =c; if(a>d) d = a; if(b > d) d = b; printf(value of D = %.2f,); } เป็นโปรแกรมใด"	เป็นโปรแกรมหาค่าผลรวม	เป็นโปรแกรมหาค่าเฉลี่ย	เป็นโปรแกรมหาค่ามากที่สุด	เป็นโปรแกรมหาค่าน้อยที่สุด	none	3	none	none	none	none	none	none	1
250	เป็นโปรแกรมหาค่าน้อยที่สุด	กิจกรรมประมวลผล	จุดเริ่มต้น หรือจุดสุดท้ายของกิจกรรม	การตัดสินใจหรือเปรียบเทียบ	แฟ้มข้อมูล	none	2	q250.png	none	none	none	none	none	1
251	สัญลักษณ์ดังรูปหมายถึงสัญลักษณ์ในผังงานข้อใด	การแสดงผลข้อมูลทางจอภาพ	การรับข้อมูล และแสดงข้อมูล	เส้นแสดงทิศทางของกิจกรรม	การตัดสินใจหรือเปรียบเทียบ	none	4	q251.png	none	none	none	none	none	1
252	ข้อใดคือสัญลักษณ์ของผังงานการตัดสินใจหรือเปรียบเทียบ	รูปสี่เหลี่ยมคางหมู	รูปสี่เหลี่ยมขนมเปียกปูน	รูปสี่เหลี่ยมจตุรัส	รูปวงกลม	none	2	none	none	none	none	none	none	1
253	"จงหาผลลัพธ์จากขั้นตอนดังต่อไปนี้ ขั้นที่ 1 เริ่มการทำงาน ให้ตัวแปร x , y เป็น integer ขั้นที่ 2 ให้ตัวแปร x =20 ; y =25 ; ขั้นที่ 3 ให้ตัวแปร x = x + 10 ; y =25 ; ขั้นที่ 4 ให้ตัวแปร x น้อยกว่า y ให้ ตัวแปร = x + 20  มิฉะนั้นแล้ว ให้ตัวแปร x = x- 5 ; ขั้นที่ 5 พิมพ์ค่าตัวแปร x และตัวแปร y  ขั้นที่ 6 จบการทำงาน"	x= 30 ; y = 25:	x= 40 ; y = 25:	x= 50 ; y = 25:	x= 25 ; y = 25:	none	4	none	none	none	none	none	none	1
254	"จงหาผลลัพธ์จากขั้นตอนดังต่อไปนี้ ขั้นที่ 1 เริ่มการทำงาน  ให้ตัวแปร x , y เป็น integer  ขั้นที่ 2 ให้ตัวแปร x = 10 ; y =40 ;  ขั้นที่ 3 ให้ตัวแปร x = x + 2 ; y = y - 5 ;  ขั้นที่ 4 ให้ตัวแปร x = x + 2 ; y = y - 5 ;  ขั้นที่ 5 ให้ตัวแปร x = x + 2 ; y = y - 5 ;  ขั้นที่ 6 พิมพ์ค่า x,y จบ"	( x = 16 ; y = 25 ;)	( x = 14 ; y = 30 ;)	( x = 12 ; y = 35 ;)	( x = 10 ; y = 40 ;)	none	1	none	none	none	none	none	none	1
255	ถ้า A = 20 เงื่อนไขดังต่อไปนี้ให้ผลลัพธ์อะไร	B=0	B=10	B=20	B=30	ไม่มีข้อถูก	2	q255.png	none	none	none	none	none	1
256	ถ้า A = 5 เงื่อนไขดังต่อไปนี้ให้ผลลัพธ์อะไร	B=0	B=10	B=20	B=30	ไม่มีข้อถูก	4	q256.png	none	none	none	none	none	1
257	ถ้า A = 8 เงื่อนไขดังต่อไปนี้ให้ผลลัพธ์อะไร	B=0	B=10	B=20	B=30	ไม่มีข้อถูก	4	q257.png	none	none	none	none	none	1
258	จาก Flow chart ที่กำหนด ถ้าหลังจาก RUN โปรแกรม แล้วค่า y =15+0.2x ถามว่าค่า x มีโอกาส เป็นเท่าไร	x อาจจะเป็น 84 หรือ 83 หรือ 79 หรือ 75	x อาจจะเป็น 87 หรือ 82 หรือ 77 หรือ 76	x อาจจะเป็น 85 หรือ 80 หรือ 77 หรือ 76	x อาจจะเป็น 84 หรือ 83 หรือ 78 หรือ 75	none	3	q258.png	none	none	none	none	none	1
259	"จาก Flow chart ที่กำหนด จงหาค่า y  เมื่อ ครั้งที่ 1 ให้ x= 79 , ครั้งที่ 2 ให้ x= 15 ;"	"30.8 , 32.5"	"17.9, 32.5"	"17.9, 30.8"	"30.8, 17.9"	none	1	q259.png	none	none	none	none	none	1
260	ผังงานต่อไปนี้เป็นผังงานของข้อใด	if....then....else	if .. then	for loop	ไม่มีข้อใดถูก	none	1	q260.png	none	none	none	none	none	1
261	ผังงานต่อไปนี้เป็นผังงานของข้อใด	if....then....else	while do ......	if.. Then	ไม่มีข้อใดถูก	none	2	q261.png	none	none	none	none	none	1
262	ผังงานต่อไปนี้เป็นผังงานของข้อใด	if....then....else	whiledo ......	do.... while	ไม่มีข้อใดถูก	none	3	q262.png	none	none	none	none	none	1
263	จากคำสั่งต่อไปนี้เมื่อทำงานจนจบ X มีค่าเท่าไร เมื่อ 	0	1	2	3	4	5	q263.png	none	none	none	none	none	1
264	แสดงค่าในตัวแปร x ที่เกิดจากผลการทำงานของโปรแกรมนี้	90	80	70	60	none	1	q264.png	none	none	none	none	none	1
265	"จาก algorithm ต่อไปนี้ เมื่อสิ้นสุดการทำงาน x,y,z จะมีค่าเป็นเท่าใด เครื่องหมาย ! คือ not operator"	"x=6, y=1, z=2"	"x=6, y=4, z=2"	"x=2, y=1, z=1"	"x=2, y=4, z=1"	none	2	q265.png	none	none	none	none	none	1
266	"จากโปรแกรมที่ให้ ถ้ากำหนดค่าให้อาเรย์ x ดังนี้ 0, 4, 10, 1,3 โดยเริ่มตั้งแต่ index 0 ถึง 4 เมื่อโปรแกรมทำงานจบแล้ว ans มีค่าเท่ากับเท่าใด กรณีภาษา C"	0	4	10	1	3	3	q266.png	none	none	none	none	none	1
267	โปรแกรมต่อไปนี้ถ้าต้องการให้ ans = 0 ต้องป้อนค่า num เป็นเท่าไร    หมายเหตุ || คือ OR operator ใน pascal	1	2	3	4	5	5	q267.png	none	none	none	none	none	1
268	ข้อใดมีความหมายเช่นเดียวกันกับ a += (n1 >= n2) ? n1 : n2;	if (n1 < n2) a += n2; else a += n1;	if (n1 >= n2) a = n1; else a = n2;	if (n2 < n1) a = a + n2; else a = a + n1;	if (n2 > n1) a = n2; else a = n1;	มีคำตอบที่ถูกมากกว่า 1 ข้อ	1	none	none	none	none	none	none	1
269	จากการใช้ if (a <= b) c = a; else c = b; ข้อใดกล่าวถูก?	c จะมีค่าเท่ากับ a ก็ต่อเมื่อค่าของ a มากกว่าค่าของ b	c จะมีค่าเท่ากับ b ก็ต่อเมื่อค่าของ a เท่ากับค่าของ b	ค่าของ c จะไม่มากกว่าค่าของ b เสมอ	ค่าของ c จะมากกว่าค่าของ a ก็ต่อเมื่อค่าของ a มากกว่า b	มีคำตอบที่ถูกมากกว่า 1 ข้อ 	3	none	none	none	none	none	none	1
270	ในการใช้ if statement เพื่อเช็คดูว่าค่าของ n เป็นเลขคี่ ซึ่งอยู่ในช่วงตั้งแต่ 10  30 หรือไม่นั้น เราต้องใช้คำสั่งอย่างไร? หมายเหตุ == คือเปรียบเทียบเท่ากับ != ไม่เท่ากับ  || OR  && AND  / div  % mod	if (((n % 2) == 1) || ((n >= 10) && (n <= 30)))	if (((n / 2) == 1) && ((n >= 10) && (n <= 30)))	if (((n % 2) != 0) && ((n >= 10) && (n <= 30)))	if (((n % 2) == 0) || ((n >= 10) && (n <= 30)))	if (((n % 2) == 0) || ((n >= 10) && (n <= 30)))	3	none	none	none	none	none	none	1
271	"กำหนดตัวแปร n เป็น integer ถ้าต้องการเช็คว่าตัวแปร n เก็บเลขที่ลงท้ายด้วย 3 (เช่น 3, 13, 23, 33, ...) เราต้องใช้คำสั่ง if อย่างไร? หมายเหตุ % คือ mod , / คือ div , == เปรียบเทียบเท่ากับ"	if((n % 3) == 0)	if((n / 3) == 0)	if((n % 10) == 3)	if((n / 10) == 3)	มีคำตอบที่ถูกมากกว่า 1 ข้อ	3	none	none	none	none	none	none	1
272	กำหนด constant ชื่อ MAXNUM มีค่า 20 ตัวแปร integer number มีค่า 30; if (number > MAXNUM) number = MAXNUM; PRINT_TO_SCREEN(number); จากโปรแกรมด้านบน number ที่ได้จะมีค่าอย่างไร	number = 0	number = 20	number = 30	number = 40	ไม่มีข้อใดถูกต้อง	2	none	none	none	none	none	none	1
273	แสดงผลการทำงานของคำสั่งต่อไปนี้ โดยกำหนดการป้อนค่า 1. N= 5  2. N= 2 	1. Siam 2. Goodbye	1. Hello 2. Goodbye	1. Siam 2. Siam	1. Hello 2. Goodbye	none	3	q273.png	none	none	none	none	none	1
274	ให้เครื่องหมาย && คือ and operator	0	1	2	3	ผิดทุกข้อ	4	q274.png	none	none	none	none	none	1
275	กำหนดให้โปรแกรมมีขั้นตอนการทำงานดังนี้ เริ่มต้น รับค่า x และ y ถ้า x > y และ y > 0 ให้นำ 0 ใส่ลงไปใน y    ถ้าคอมพิวเตอร์ทำโปรแกรมนี้จนจบ โดยผู้ใช้ใส่ค่า 5 และ 3 แล้วทำให้ข้อใดเป็นจริง	x มีค่า 3	y มีค่า 3	y มีค่า 5	y มีค่า 0	y มีค่า -1	4	none	none	none	none	none	none	1
276	กำหนดให้โปรแกรมมีขั้นตอนการทำงานดังนี้ เริ่มต้นรับค่า x และ y และ z ถ้า x > y แล้ว z = 0 มิฉะนั้น z = 1 ถ้าคอมพิวเตอร์ทำโปรแกรมนี้จนจบ แล้วทำให้ข้อใดเป็นจริง	z มีค่า 0 หรือ 1 เท่านั้น	z มีค่า 0 เมื่อ x = y	z มีค่า 0	z มีค่า 1	z มีค่า 10	1	none	none	none	none	none	none	1
277	กำหนดให้โปรแกรมมีขั้นตอนการทำงานดังนี้ เริ่มต้น รับค่า x และ y และ z ถ้า (x + y) > z แล้ว z = x + y มิฉะนั้น ถ้า z = 0 แล้ว z = y  x ถ้าคอมพิวเตอร์ทำโปรแกรมนี้จนจบ โดยผู้ใช้ใส่ค่า 1 และ 2 และ 4 แล้วทำให้ข้อใดเป็นจริง	z มีค่า 1	z มีค่า 2	z มีค่า 3	z มีค่า 4	z มีค่า 5	4	none	none	none	none	none	none	1
278	ข้อใดสมมูลกับประโยค if (x <= 80 and x > 49)	if (x = 80 and x > 49)	if (49 < x <= 80)	if (x < 80 or x > 50)	if (not (x > 80 or x < 50))	if (not (x > 80 and x < 50))	4	none	none	none	none	none	none	1
279	ผลลัพธ์ของนิพจน์ในข้อใดที่แตกต่างจากผลลัพธ์ของนิพจน์ (5+4) / 3 < 3	not (50 >= 14)	3 + 8 >= 15 or 5 <= 3	3 - 4 <= 10 and 3 > 3	14 / 7 < 1 or not (9 < 4)	not (100 > 80 and 10 < 50)	4	none	none	none	none	none	none	1
280	"if (วันนี้ฝนตก หรือ เป็นวันหยุด) then ฉันจะไปออกกำลังกาย else ฉันจะไปซื้อของ สมมุติว่า ""วันนี้เป็นวันทำงาน แต่ว่าฝนตก"" ข้อใดคือผลลัพธ์ที่ถูกต้อง"	ฉันจะไปออกกำลังกาย	ฉันจะไปซื้อของ	ฉันจะไปออกกำลังกาย และ ฉันจะไปซื้อของ	ฉันจะไปออกกำลังกาย แต่ ฉันจะไม่ไปซื้อของ	ฉันจะไม่ไปออกกำลังกาย และ ฉันจะไปซื้อของ	1	none	none	none	none	none	none	1
281	A B เป็น เงื่อนไข X เป็น ตัวแปร ถ้า A จริง B เท็จ เมื่อโปรแกรมหยุด X มีค่าเท่าไร	0	1	2	3	ไม่ทราบค่า	3	q281.png	none	none	none	none	none	1
282	A B เป็น เงื่อนไข X เป็น ตัวแปร ถ้า A เท็จ B จริง เมื่อโปรแกรมหยุด X มีค่าเท่าไร	0	1	2	3	ไม่ทราบค่า	4	q282.png	none	none	none	none	none	1
283	num มีค่าเท่าไร หลังการทำงานของโปรแกรมนี้	-1	0	1	2	ไม่มีคำตอบที่ถูกต้อง	2	q283.png	none	none	none	none	none	1
284	เมื่อมีการกำหนดค่าให้ตัวแปร a ข้อความใดเป็นจริง	ถ้า a = 3 จะได้ค่า answer = 9และ ถ้า a = 8 จะได้ค่า answer = 11	ถ้า a = 3 จะได้ค่า answer = 11และเมื่อ a = 7 จะได้ค่า answer = 10	เมื่อ a = 7 จะได้ค่า answer = 20เมื่อ a = 8 จะได้ค่า answer = 10	เมื่อ a = 1 จะได้ค่า answer = 9เมื่อ a = 7 จะได้ค่า answer = 20	answer = 10 ไม่ว่า a จะมีค่าเป็นเท่าไรก็ตาม	1	q284.png	none	none	none	none	none	1
285	ข้อ 3 ดูโจทย์จากรูปภาพประกอบคำถาม	-9	9	21	-21	none	1	q285.png	none	none	none	none	none	1
286	จงบอกว่าอุปกรณ์ใดต่อไปนี้ เป็นอุปกรณ์ประเภท standard output	printer	monito	diskette	Key board	none	2	none	none	none	none	none	none	1
287	ดูโจทย์จากรูปภาพประกอบคำถาม	-9	9	21	-21	none	1	q287.png	none	none	none	none	none	1
288	ดูโจทย์จากรูปภาพประกอบคำถาม	-9	9	21	-21	none	3	q288.png	none	none	none	none	none	1
289	ต้องการเขียนโปรแกรมเพื่อคำนวณหาค่าเสื้อรวมเมื่อราคาเสื้อเป็นดังนี้ น้อยกว่า 10 ตัวราคาตัวละ 250 บาท น้อยกว่า 20 ตัวราคาตัวละ 230 บาท น้อยกว่า 30 ตัวราคาตัวละ 200 บาท น้อยกว่า 50 ตัวราคาตัวละ 150 บาท  ควรเลือกใช้คำสั่งใดต่อไปนี้	if....then	if....then.....else	if...then...else if... (หรือ nested if)	for	while	3	none	none	none	none	none	none	1
290	ให้ V เป็นตัวแปรชนิดจำนวนจริงมีค่า 2.5  หลังจากคำสั่งข้างต้นถูกกระทำแล้ว ค่า V เป็นเท่าไร หมายเหตุ begin...end ก็คือ {..} และ := ก็คือ = ในภาษา C	0	2.5	7.5	10	none	3	q290.png	none	none	none	none	none	1
291	จาก flowchart ข้างล่างนี้ การทำงานจะมาถึงกล่ิอง J ได้อย่างไร	"A, B, C, และ H ต้องเป็นจริง"	A และ H เป็นจริง B เป็นเท็จ	A และ B เป็นเท็จ ส่วน H เป็นจริง	"A, H และ C เป็นเท็จ"	ไม่มีข้อใดถูก	2	q291.png	none	none	none	none	none	1
292	จงเขียนผลตอบสนองของโปรแกรมดังต่อไปนี้	0 1 2 3 4 5	5 4 3 2 1	1 2 3 4 5	5 4 3 2 1 0	none	4	q292.png	none	none	none	none	none	1
293	"จาก Flow chart ที่กำหนด จงหาค่า val , n และวนรอบกี่ครั้ง หลังจากจบโปรแกรม ให้ค่า y=0 ,x = 1 , k=2 ,b=9"	"val =32 ,n=9 ;วน 4รอบ"	"val=28 ,n=11 ;วน 5รอบ"	"val =28 ,n=9 ;วน 4รอบ"	"val=22 ,n=9 ;วน 4รอบ"	none	4	q293.png	none	none	none	none	none	1
294	ถ้า A = 4 และ B = 2เมื่อออกจากวงรอบ(loop) ผลลัพธ์จะเป็นอะไร	B = 8	B= 16	B=32	B=64	ไม่มีข้อถูก	3	q294.png	none	none	none	none	none	1
295	ถ้า A = 1 และ B = 2เมื่อออกจากวงรอบ(loop) ผลลัพธ์จะเป็นอะไร	B = 0	B=2	B=4	B=6	ไม่มีข้อถูก	3	q295.png	none	none	none	none	none	1
296	ถ้า A = 5 และ B = 1เมื่อออกจากวงรอบ(loop) ผลลัพธ์จะเป็นอะไร	B=7	B=9	B=11	B=13	ไม่มีข้อถูก	3	q296.png	none	none	none	none	none	1
297	ถ้า A = 1 และ B = 2เมื่อออกจากวงรอบ(loop) ผลลัพธ์จะเป็นอะไร	B=0	B=2	B=4	B=8	ไม่มีข้อถูก	3	q297.png	none	none	none	none	none	1
298	ความแตกต่างระหว่างการทำงานของคำสั่ง While และ Do-While คืออะไร	คำสั่ง While ทำคำสั่งก่อนแล้วจึงตรวจสอบเงื่อนไข ส่วนคำสั่ง Do-While ตรวจสอบเงื่อนไขก่อนถ้าเป็นจริงจึงทำคำสั่งที่ต้องการ	คำสั่ง While ทำคำสั่งก่อนแล้วจึงตรวจสอบเงื่อนไข ส่วนคำสั่ง Do-While ตรวจสอบเงื่อนไขก่อนถ้าเป็นเท็จจึงทำคำสั่งที่ต้องการ	คำสั่ง While ตรวจสอบเงื่อนไขก่อนถ้าเป็นจริงจึงทำคำสั่งที่ต้องการ ส่วนคำสั่ง Do-While ทำคำสั่งก่อนแล้วจึงตรวจสอบเงื่อนไข	คำสั่ง While ตรวจสอบเงื่อนไขก่อนถ้าเป็นเท็จจึงทำคำสั่งที่ต้องการ ส่วนคำสั่ง Do-While ทำคำสั่งก่อนแล้วจึงตรวจสอบเงื่อนไข	ทั้งสองคำสั่งทำงานเป็นวงวนเหมือนกันไม่แตกต่างกัน	3	none	none	none	none	none	none	1
299	จากคำสั่งต่อไปนี้ ค่า n[3][3] มีค่าเท่ากับเท่าใด	0	1	2	3	none	3	q299.png	none	none	none	none	none	1
300	ให้หาค่า y สุดท้ายที่ได้จาก algorithm ต่อไปนี้	0	4	10	ไม่มีข้อใดถูก	none	1	q300.png	none	none	none	none	none	1
301	จาก algorithm ด้านล่าง จงเลือกคำตอบที่ถูกที่สุด	โปรแกรมนี้พิมพ์ค่า i ทั้งหมด 5 ครั้ง	ค่า i ค่าสุดท้ายคือ 4	ค่า j สุดท้าย คือ 2	ค่า j สุดท้าย คือ 6	none	3	q301.png	none	none	none	none	none	1
302	จาก algorithm ด้านล่า่ง โปรแกรมจะทำงานวน loop ทั้งหมดกี่รอบ	1	2	3	5	none	2	q302.png	none	none	none	none	none	1
303	ข้อใดต่อไปนี้ได้ค่าตัวแปร sum เท่ากับโปรแกรมต่อไปนี้	none	none	none	none		1	q303.png	a303.png	b303.png	c303.png	d303.png	none	1
304	โปรแกรมที่ให้มีการทำงานวนรอบทั้งหมดกี่รอบ และแต่ละรอบ a มีค่าเท่ากับเท่าไร	"10 รอบ แต่ละรอบ a มีค่าเท่ากับ 1,2,3,4,5,6,7,8,9 และ 10"	"10 รอบ แต่ละรอบ a มีค่าเท่ากับ 10,9,8,7,6,5,4,3,2 และ 1"	"5 รอบ แต่ละรอบ a มีค่าเท่ากับ 9,7,5,3 และ 1"	"5 รอบ แต่ละรอบ a มีค่าเท่ากับ 10,8,6,4 และ 2"	"5 รอบ แต่ละรอบ a มีค่าเท่ากับ 2,4,6,8 และ 10"	4	q304.png	none	none	none	none	none	1
305	สตริง KORAT จะถูกพิมพ์ทั้งหมดกี่ครั้ง? เมื่อโปรแกรมทำงานเสร็จ	10	6	4	5	7	3	q305.png	none	none	none	none	none	1
306	ข้อใดมีความหมายตรงกับคำว่า Inifinite Loop มากที่สุด	ผิดเงื่อนไขโปรแกรมจะไม่ทำงานภายในลูป	ทำงานวนซ้ำตามที่กำหนดค่าตัวแปรในโปรแกรม	ทำงานวนซ้ำตามที่กำหนดในโปรแกรมโดยมีจุดสิ้นสุด	ทำงานวนซ้ำตามที่กำหนดในโปรแกรมโดยไม่มีจุดสิ้นสุด	ไม่มีข้อใดถูกต้อง	4	none	none	none	none	none	none	1
307	 ค่า i จะมีค่าเท่าไร เมื่อ	2	4	6	-6	-4	3	q307.png	none	none	none	none	none	1
308	อยากทราบว่าค่า j มีค่าเท่าไร	50	60	70	80	90	5	q308.png	none	none	none	none	none	1
309	Recursive Function มีความหมายว่าอย่างไร	คือฟังก์ชันที่ทำงานแบบไม่รู้จบ	คือฟังก์ชันที่มีการเรียกจากภายในฟังก์ชันเอง	คือฟังก์ชันที่มีเงื่อนไขจึงจะออกจากโปรแกรมได้	คือฟังก์ชันสำหรับทำงานในโปรแกรมระบบเท่านั้น	none	2	none	none	none	none	none	none	1
310	Nested Loops มีความหมายอย่างไร	คือ Loop ทีโปรแกรมวนไม่รู้จบ	คือ Loop ที่มีคำสั่งประเภทเดียวกันซ้อนอยู่	คือ Loop ที่มีคำสั่งวนซ้อนกันมากกว่า 1 Loop	คือ Loop เฉพาะที่มีเงื่อนไขสำหรับออกจากโปรแกรม	none	3	none	none	none	none	none	none	1
311	กำหนดให้โปรแกรมมีขั้นตอนการทำงานดังนี้ เริ่มต้น  x = 1 ทำซ้ำ  x = x + 1  จนกระทั่ง x > 5  จบ   ถ้าคอมพิวเตอร์ทำโปรแกรมนี้จนจบ แล้วทำให้ข้อใดเป็นจริง	x มีค่า 1	x มีค่า 5	x มีค่า 6	x มีค่า 7	x มีค่า 8	3	none	none	none	none	none	none	1
312	กำหนดให้โปรแกรมมีขั้นตอนการทำงานดังนี้ เริ่มต้นโปรแกรมรับค่า x และ y  ทำซ้ำ ถ้า x > y แล้ว { แสดงค่า x ; x = x  1 ; }  จนกระทั่ง x = y จบโปรแกรม ถ้าคอมพิวเตอร์ทำโปรแกรมนี้จนจบ โดยผู้ใช้ใส่ค่า 5 และ 1 แล้วจะมีการแสดงค่าอะไร  	5	5 1	5 4 3 2	5 4 3 2 1	5 4 3 2 1 0	3	none	none	none	none	none	none	1
313	กำหนดให้โปรแกรมมีขั้นตอนการทำงานดังนี้ ถ้าคอมพิวเตอร์ทำโปรแกรมนี้จนจบ แล้วจะมีการแสดงค่าอะไร	0 1 2 3 4 ไปจนถึง n	1 2 3 4 ไปจนถึง n	0 1 3 4 7 ไปจนถึง n + (n + 1)	1 3 4 7 ไปจนถึง n + (n + 1)	1 3 5 7 ไปจนถึง n	2	q309.png	none	none	none	none	none	1
314	ในการประมวลผลการทำงานของฟังก์ชันแบบเรียกซ้ำ สิ่งสำคัญที่จำเป็นต้องทราบคือข้อใด	จุดเริ่มต้นของการทำงาน	จุดสิ้นสุดการทำงาน	ค่าเริ่มต้นของการทำงาน	นิพจน์ทั่วไปที่ไม่เรียกซ้ำ	none	2	none	none	none	none	none	none	1
315	ในการหาค่าของ n ตัวแรกที่ทำให้ผลบวกของอนุกรม 1 + 2 +3 +..+ n > 15 เป็นจริง ถ้าตรวจสอบเงื่อนไข ผลบวก > 15 ในการออกจากวงวนหลังจากที่ทำการบวกสะสมค่าของพจน์ โปรแกรมนี้จะวนอยู่ในวงวนกี่เที่ยว	5 เที่ยว	6 เที่ยว	7 เที่ยว	8 เที่ยว	none	2	none	none	none	none	none	none	1
316	ผลลัพธ์ค่า a หลังจาก run เสร็จแล้วคือ	0	20	19	ไมมีคำตอบที่ถูกเนื่องจากโปรแกรมไม่สมบูรณ์	ไม่มีคำตอบที่ถูกเนื่องจากโปรแกรมทำงานไม่หยุด	5	q316.png	none	none	none	none	none	1
317	พิจารณาโปรแกรมต่อไปนี้ถ้า N = 10 เมื่อโปรแกรมวิ่งจนจบ S มีค่าเท่าไร	10	12	20	22	ไม่มีข้อใดถูก	3	q317.png	none	none	none	none	none	1
318	ต้องการ บวก 1 ถึง N คำตอบเป็น S โปรแกรมต่อไปนี้ บรรทัดไหนผิด	1	2	3	4	5	3	q318.png	none	none	none	none	none	1
319	ให้ N เป็น เลขคู่ มากกว่า 0 ขณะที่โปรแกรมทำงานอยู่ X กับ Y มีค่าตรงกันพร้อนกันได้หรือไม่ ค่าใด	ไม่มีวันตรงกัน	0	N	N/2	N/2 + 1	4	q319.png	none	none	none	none	none	1
320	x มีค่าเป็นเท่าไร หลังการทำงานของโปรแกรมนี้	3	4	5	6	7	4	q320.png	none	none	none	none	none	1
321	value มีค่าเท่าไร หลังการทำงานของโปรแกรมนี้	-1	0	2	4	ไม่มีคำตอบ เนื่องจากโปรแกรมไม่หยุดทำงาน	5	q321.png	none	none	none	none	none	1
322	จงหาค่าเงื่อนไขที่เพื่อให้ algorithm ได้ผลลัพธ์ต่อไปนี้     1 2 3 4 5 6 7 8	count <=9	count !=9	count+1<=8	count+1 < 10	none	4	q322.png	none	none	none	none	none	1
323	ถ้าต้องการวนรับอายุของผู้ใช้จนกว่าจะใส่ค่าที่มากกว่าศูนย์ น่าจะตรวจสอบเงื่อนไขก่อนหรือหลังจากรับค่าอายุเก็บไว้ในตัวแปร	ก่อน	หลัง	กลาง	ก่อนหรือกลาง	none	2	none	none	none	none	none	none	1
324	คำสั่งเทียมต่อไปนี้สอดคล้องกับผลลัพธ์ในข้อใด Set A = 1 Set R = 0.2 FOR I = 1 to N do A = A*(1+R)	A = (1+R)^N	A = A*(1+R)	A = (1+R)*N	A = (1+R)(1+R)	A = A*(1+R)*N	1	none	none	none	none	none	none	1
325	ชุดคำสั่งเทียม DO X = X + 1; WHILE (X < 10); เทียบเท่ากับคำสั่งในข้อใด	FOR N=1 TO 10 X=X+1; END FOR	WHILE (X<10) DO X=X+1; END WHILE	LOOP X=X+1; IF (X>=10) EXIT; END LOOP	REPEAT X=X+1; UNTIL (X<10);	none	3	none	none	none	none	none	none	1
326	none	none	none	none	none	none	5	q326.png	a326.png	b326.png	c326.png	d326.png	e326.png	1
327	none	หาผลรวม	หาค่าเฉลี่ย	หาค่าเบี่ยงเบนมาตรฐาน	หาค่ามัธยฐาน	none	2	q327.png	none	none	none	none	none	1
328	กำหนดให้ == คือ operator ในการตรวจสอบความเท่ากันของข้อมูล	หาค่ามากสุด	นับจำนวนตัวที่มาก	หาว่ามีค่าใน data ที่มีค่าเท่ากับ x หรือไม่	นับจำนวนตัวใน data ที่มีค่าเท่ากับ x	ไม่มีข้อใดถูก	5	q328.png	none	none	none	none	none	1
329	none	8	9	10	11	ไม่มีข้อใดถูก	2	q329.png	none	none	none	none	none	1
330	ข้อใดผิดสำหรับส่วนโปรแกรมที่ต้องการวนรับตัวอักษรไปเรื่อย ๆ จนกว่าจะกด q โดยที่มีการประกาศตัวแปรให้ใช้ดังนี้ char check=w;	while(check!=q) { printf(Enter one char : ); check=getch( ); }	while(check!=113) { printf(Enter one char : ); check=getch( ); }	do { printf(Enter one char : ); check=getch( ); } while(check!=q);	for(i=0;check!=q;i++) { check=getche(); }	none	1	none	none	none	none	none	none	1
331	จากส่วนของโปรแกรมดังต่อไปนี้ ผลลัพธ์ i และ j จะเป็นจะมีค่าเท่าใดเมื่อสิ้นสุดการทำวนรอบ j =0; for (i =0; i < 10 ; i = i+2) j = j+5;	i = 10 j = 50	i = 10 j = 25	i = 12 j = 50	i = 12 j = 25	ไม่มีข้อถูกต้อง	2	none	none	none	none	none	none	1
332	จากส่วนของโปรแกรมดังต่อไปนี้ ผลลัพธ์ i และ j จะเป็นจะมีค่าเท่าใดเมื่อสิ้นสุดการทำวนรอบ j =2; for (i =0; i < 10 ; i = i+2) j = j*2;	i = 10 j =32	i = 10 j = 64	i = 12 j = 32	i = 12 j =64	ไม่มีข้อถูก	2	none	none	none	none	none	none	1
333	จากส่วนของโปรแกรมดังต่อไปนี้ ผลลัพธ์ i และ j จะเป็นจะมีค่าเท่าใดเมื่อสิ้นสุดการทำวนรอบ j =0; for (i =1; i < 10 ; i = i*2) j = j+2;	i = 10 j = 10	i = 10 j = 8	i = 16 j = 10	i = 16 j = 8	i = 16 j = 10	4	none	none	none	none	none	none	1
334	จากส่วนของโปรแกรมดังต่อไปนี้ ผลลัพธ์ i และ j จะเป็นจะมีค่าเท่าใดเมื่อสิ้นสุดการทำวนรอบ j =1; for (i =1; i < 10 ; i = i*2) j = j*2;	i = 8 j = 8	i = 16 j = 8	i = 16 j = 32	i = 8 j = 16	i = 16 j = 16	5	none	none	none	none	none	none	1
335	none	none	none	none	none	none		q335.png	a335.png	b335.png	c335.png	d335.png	e335.png	1
336	จากส่วนของโปรแกรมดังต่อไปนี้ ผลลัพธ์ i และ j จะเป็นจะมีค่าเท่าใดเมื่อสิ้นสุดการทำวนรอบ j =0; for (i =1; i < 10 ; i = i*3) j = j+2;	i = 12 j = 8	i = 27 j = 8	i = 12 j =6	i =27 j =6	i =27 j=10	4	none	none	none	none	none	none	1
337	จากส่วนของโปรแกรม ดังต่อไปนี้ จะเกิดการทำงานในวงวน (loop) กี่ครั้ง j = 10; do { j = j-1; } while (j >0);	7	8	9	10	11	4	none	none	none	none	none	none	1
338	จากส่วนของโปรแกรม ดังต่อไปนี้ จะเกิดการทำงานในวงวน (loop) กี่ครั้ง j =10; do { j = j-2; } while (j >0);	3	5	7	9	10	2	none	none	none	none	none	none	1
339	จากส่วนของโปรแกรม ดังต่อไปนี้ จะเกิดการทำงานในวงวน (loop) กี่ครั้ง j = 10; do { j = j/2; } while (j >0);	4	5	6	7	8	1	none	none	none	none	none	none	1
340	จากส่วนของโปรแกรม ดังต่อไปนี้ จะเกิดการทำงานในวงวน (loop) กี่ครั้ง j = 10; while (j >=0) { j = j -1; }	8	9	10	11	12	4	none	none	none	none	none	none	1
341	จากส่วนของโปรแกรม ดังต่อไปนี้ จะเกิดการทำงานในวงวน (loop) กี่ครั้ง j = 10; while (j >=0) { j = j -2; }	4	5	6	7	8	3	none	none	none	none	none	none	1
342	จากส่วนของโปรแกรม ดังต่อไปนี้ จะเกิดการทำงานในวงวน (loop) กี่ครั้ง j = 10; while (j >=0) { j = j - 3 ; }	3	4	5	6	7	2	none	none	none	none	none	none	1
343	"จากส่วนของโปรแกรม ดังต่อไปนี้ จะเกิดแสดงข้อความ ""Test"" กี่ครั้ง for (i =0 ; i < 10 ; i++) { printf (""Test\n""); }"	9	10	11	12	ไม่มีข้อถูก	2	none	none	none	none	none	none	1
344	"จากส่วนของโปรแกรม ดังต่อไปนี้ จะแสดงข้อความ ""Test"" กี่ครั้ง for (i =0 ;i<= 10 ; i++) { printf (""Test\n""); }"	9	10	11	12	ไม่มีข้อถูก	3	none	none	none	none	none	none	1
345	"จากส่วนของโปรแกรม ดังต่อไปนี้ จะแสดงข้อความ ""Test"" กี่ครั้ง for (i = 1 ;i< 10 ; i++) { printf (""Test\n""); }"	8	9	10	11	ไม่มีข้อถูก	2	none	none	none	none	none	none	1
346	"จากส่วนของโปรแกรม ดังต่อไปนี้ จะแสดงข้อความ ""Test"" กี่ครั้ง for (i =1 ;i<= 10 ; i++) { printf (""Test\n""); }"	8	9	10	11	ไม่มีข้อถูก	3	none	none	none	none	none	none	1
347	"จากส่วนของโปรแกรม ดังต่อไปนี้ จะแสดงข้อความ ""Test"" กี่ครั้ง for (i =0 ;i< 10 ; i=i+2) { printf (""Test\n""); }"	4	5	6	7	8	2	none	none	none	none	none	none	1
348	"จากส่วนของโปรแกรม ดังต่อไปนี้ จะแสดงข้อความ ""Test"" กี่ครั้ง for (i =1 ;i< 10 ; i=i*2) { printf (""Test\n""); }"	2	3	4	5	ไม่มีข้อถูก	3	none	none	none	none	none	none	1
349	none	a = 4 b = 8	a = 4 b = 7	a =5 b= 8	a =5 b= 7	ไม่มีข้อถูก	2	q349.png	none	none	none	none	none	1
350	none	a = 5 b =6	a = 5 b =7	a = 4 b = 6	a = 4 b =7	ไม่มีข้อถูก	1	q350.png	none	none	none	none	none	1
351	ในการเขียนโปรแกรมเพื่อใช้ในการคูณ matrix ขนาด m x n จำนวน 2 matrix จะต้องใช้การวนลูปกี่ชั้นในการแก้ปัญหานี้	4 ชั้น	2 ชั้น	1 ชั้น	3 ชั้น	none	4	none	none	none	none	none	none	1
352	ในการเขียนโปรแกรมเพื่อใช้ในการหาค่าน้อยที่สุดของเลขจำนวนเต็ม ถ้ามีเลขจำนวนเต็มอยู่ 10 ตัว จะต้องมีการวนลูปลึกกี่ชั้น และเกิดการเปรียบเทียบขึ้นกี่ครั้ง	1 ชั้น และเกิดการเปรียบเทียบ 10 ครั้ง	1 ชั้น และเกิดการเปรียบเทียบ 9 ครั้ง	2 ชั้น และเกิดการเปรียบเทียบ 36 ครั้ง	2 ชั้น และเกิดการเปรียบเทียบ 45 ครั้ง	none	2	none	none	none	none	none	none	1
353	ถ้า ส่วน for(x = 2; x <20; x+=3) อยู่ในโปรแกรมที่แสดงค่า x ทุกค่าจนจบโปรแกรม ค่าของ x ในข้อใดไม่ถูกต้อง	8	14	17	18	none	4	none	none	none	none	none	none	1
354	สัญลักษณ์ดังรูป หมายถึงสัญลักษณ์ในผังงานข้อใด	การรับหรือแสดงผลโดยไม่ระบุอุปกรณ์	การแสดงผลทางจอภาพ	การแสดงผลข้อมูลเป็นเอกสาร เช่นแสดงผลทางเครื่องพิมพ์	จุดเริ่มต้น หรือจุดสุดท้ายของกิจกรรม	none	1	q354.png	none	none	none	none	none	1
355	โปรแกรมที่แสดง x = 2; while(x<=100) x++; ให้ผลลัพธ์อย่างไร	โปรแกรมแสดง 1-100	โปรแกรมแสดงเลขคู่ตั้งแต่ 2-100	โปรแกรมแสดงเลขตั้งแต่ 2-100	โปรแกรมแสดงเลขคี่ตั้งแต่ 2-100	none	3	none	none	none	none	none	none	1
356	"กำหนด a[] = {7,3,2,5,6}; ความหมายของ a[3] จะมีค่าเท่าใด"	7	3	2	5	6	4	none	none	none	none	none	none	1
357	ข้อใดถูกต้องที่สุด	a[0] เป็นสมาชิกของอะเรย์ ตัวแรกสุด	"a[]= {2,5,3,9} ตัวแปรอะเรย์ ที่มีค่า 5 คือ a[2]"	"a[]= {2,5,3,9}สมาชิกตัวสุดท้ายของอะเรย์คือ a[4]"	ไม่มีข้อถูก	none	1	none	none	none	none	none	none	1
358	ข้อความ Hello-World ต้องใช้ตัวแปรอะเรย์ชนิด char จำนวนกี่ตำแหน่ง	9	10	11	12	none	3	none	none	none	none	none	none	1
359	"จาก Flow chart ที่กำหนดหลังจบโปรแกรมจงหาค่า matrix และหาค่าวนรอบจุด A , B ,C,E จุดละกี่รอบ เมื่อตำแหน่ง Array เริ่มที่ a[1][1] ,b[1][1] ให้ค่า n= 1,m=2 ,x=1,y=3"	"C[2][3]={ 12 , -10 ,35 ,5 ,9,14} วนรอบจุด A = 2 รอบ ,จุด B =2 รอบ,จุด C=2 รอบ ,จุด E =6 รอบ"	"C[2][3]={ 12 , -13 ,35 ,5 ,9,13} วนรอบจุด A = 2 รอบ ,จุด B =2 รอบ,จุด C=3 รอบ ,จุด E = 7 รอบ"	"C[2][3]={ 12 , -7 ,35 ,5 ,9,14} วนรอบจุด A = 2 รอบ ,จุด B =2 รอบ,จุด C=2 รอบ ,จุด E =7 รอบ"	"C[2][3]={ 12 , -13 ,35 ,5 ,9,14} วนรอบจุด A = 2 รอบ ,จุด B =2 รอบ,จุด C=2 รอบ ,จุด E =6 รอบ"	none	4	q359.png	none	none	none	none	none	1
360	รหัสเทียม(pseudocode) ต่อไปนี้ตรงกับการทำงานในข้อใด	การเรียงตัวเลขจากน้อยไปหามาก	การเรียงตัวเลขจากมากไปหาน้อย	การหาผลรวมตัวเลขในอาร์เรย์ B โดยใช้อาร์เรย์ A และ C ช่วย	การหาผลรวมตัวเลขในอาร์เรย์ C โดยใช้อาร์เรย์ A และ B ช่วย	none	1	q360.png	none	none	none	none	none	1
361	จากรหัสเทียม(pseudocode)ที่กำหนดให้ หากมีการเปลี่ยนบรรทัดที่ 7 เป็น for j = 1 to length[A] จะเกิดผลตรงกับข้อใด	การหาผลรวมตัวเลขในอาร์เรย์ C โดยใช้อาร์เรย์ A และ B ช่วย	การหาผลรวมตัวเลขในอาร์เรย์ B โดยใช้อาร์เรย์ A และ C ช่วย	การเรียงตัวเลขจากมากไปหาน้อย	การเรียงตัวเลขจากน้อยไปหามาก	none	4	q361.png	none	none	none	none	none	1
362	กำหนดรหัสเทียม(pseudocode)ของฟังก์ชัน X ต่อไปนี้	1	3	5	7	none	3	q362.png	none	none	none	none	none	1
363	กำหนดรหัสเทียม(pseudocode) ของฟังก์ชัน X ต่อไปนี้	2	4	6	8	none	3	q363.png	none	none	none	none	none	1
364	กำหนดรหัสเทียม(pseudocode) ของฟังก์ชัน X ต่อไปนี้	1	2	3	4	none	1	q364.png	none	none	none	none	none	1
365	กำหนดรหัสเทียม(pseudocode) ของโปรแกรม Y ซึ่งมีการเรียกใช้งานฟังก์ชัน X ดังต่อไปนี้	12	8	7	4	none	3	q365.png	none	none	none	none	none	1
366	กำหนดรหัสเทียม(pseudocode) โปรแกรม Y ซึ่งมีการเรียกใช้งานฟังก์ชัน X ดังต่อไปนี้	1	10	9	21	none	2	q366.png	none	none	none	none	none	1
367	คำสั่งใดมักนิยมใช้ในการนำข้อมูลเข้าไปเก็บและแสดงผลข้อมูลในตัวแปรชุด	loop	while	do-while	do-until	none	4	none	none	none	none	none	none	1
368	จากคำสั่งต่อไปนี้เมื่อทำจนจบคำสั่ง ข้อความที่เก็บในC[ ] คืออะไร	Hello World	World	dlroW olleH	dlroW	none	3	q368.png	none	none	none	none	none	1
369	จาก algorithm ด้านล่างนี้ จงหา ค่าของตัวแปร what ที่พิมพ์ออกมา	1	8	6	2	none	2	q369.png	none	none	none	none	none	1
370	ค่าที่เก็บในตัวแปรชุด a[ ][ ] หลังจากการทำงานของโปรแกรมคือข้อใด	none	none	none	none	none	4	q370.png	a370.png	b370.png	c370.png	d370.png	none	1
371	กำหนดให้ int data[6][5][4];  ถ้าต้องการให้ตัวแปรตัวที่ 20 เก็บค่า 100 เราต้องใช้คำสั่งอย่างไร?	data[0][4][3] = 100;	data[1][4][3] = 100;	data[1][3][3] = 100;	data[0][3][3] = 100;	none	1	none	none	none	none	none	none	1
372	"ถ้า y = { 1, 9, 2, 6, 7 };  y[3] จะมีค่าเท่าไร"	1	9	2	6	none	4	none	none	none	none	none	none	1
373	"ถ้า y[3][3] = {{7, 4, 5}, {6, 1, 8}, {2, 3, 4}};   y[2][1] มีค่าเท่าไร"	1	3	4	6	none	2	none	none	none	none	none	none	1
374	"int function_x(int x[] int len) { int temp = x[0]; for(int i=1; i<="""" x[i])="""" temp=""x[i];"" return="""" temp;="""" }="""" จงบอกหน้าที่การทำงานของฟังก์ชันย่อยด้านบน<="""" div="""" style=""margin: 0px; padding: 0px; list-style: none;"">"	เรียงค่าน้อยไปหาค่ามาก	เรียงค่ามากไปหาค่าน้อย	ค้นหาค่าที่น้อยที่สุด	ค้นหาค่าที่มากที่สุด	none	4	none	none	none	none	none	none	1
375	: จากโปรแกรมด้านล่าง ค่าของ x[7] และ d[7] จะมีค่าเท่าใด int x[8] = 0; int d[8] = 0; int k; for(k=1;k<8;k++) { x[k] = (2*k-1); d[k] = d[k-1] + x[k]; }	"9, 25"	"11, 36"	"13, 49"	"15, 64"	none	4	none	none	none	none	none	none	1
376	กำหนดให้ตัวแปร x และ y เป็นแถวลำดับ (array) ที่มี 1 มิติและมีค่าดังนี้ x[n] = y[n] โดยที่ n เป็นเลขจำนวนเต็ม ถ้า n มีค่า 3 และ y[3] มีค่า 4 แล้ว x[3] จะมีค่าเท่าใด	1	2	3	4	none	4	none	none	none	none	none	none	1
377	ถ้ามีการประกาศตัวแปรอาร์เรย์ของ float โดย float y[10][10]; อาร์เรย์ y มีขนาดเป็นกี่ byte (กำหนดให้ float มีขนาดเท่ากับ 4 byte)	200	242	400	484	none	4	none	none	none	none	none	none	1
378	กำหนดให้โปรแกรมมีขั้นตอนการทำงานดังนี้ เริ่มต้นโปรแกรม รับค่า i ทำซ้ำ โดยให้ count = 1 ถึง i  x[i] = i + 1 จบทำซ้ำ จบโปรแกรม  ถ้าคอมพิวเตอร์ทำโปรแกรมนี้จนจบ โดยผู้ใช้ใส่ค่า 7 แล้วข้อใดเป็นจริง	x[2] มีค่า 3	x[3] มีค่า 3	x[7] มีค่า 6	x[7] มีค่า 7	none	1	none	none	none	none	none	none	1
379	กำหนดให้โปรแกรมมีขั้นตอนการทำงานดังนี้ เริ่มต้นโปรแกรม i = 8 ; x[1] = 1 ; x[2] = 1 ; ทำซ้ำโดยให้ count = 3 ถึง i x[i] = x[i  1] + x[i - 2] จบทำซ้ำ จบโปรแกรม  ถ้าคอมพิวเตอร์ทำโปรแกรมนี้จนจบ แล้วทำให้ข้อใดเป็นจริง	x[2] มีค่า 3	x[3] มีค่า 3	x[4] มีค่า 3	x[5] มีค่า 3	none	3	none	none	none	none	none	none	1
380	"จาก char fruit [5] [20] = {apple, banana, cherry, orange, strawberry}; ข้อใดคือค่าของ fruit [3] "	a	c	b	o	none	4	none	none	none	none	none	none	1
381	"ถ้า int num[5] = {8,12,20,5,40}; ข้อใดเป็นคำตอบของ y เมื่อ int y = num[1]*num[3]num[4];"	num[0]	num[1]	num[2]	num[3]	none	3	none	none	none	none	none	none	1
382	ผลลัพธ์ของ c คือ	1	2	12	7	none	3	q382.png	none	none	none	none	none	1
383	ให้ A[1..N] เป็น อะเรย์ หนึ่งมิติ ขนาด N  โปรแกรมต่อไปนี้ทำอะไร	หาค่า MAX A[1..N]	หาค่า MIN A[1..N]	หาว่า มีค่าใดน้อยกว่า M หรือไม่	หาว่า มีค่าใดมากกว่า M หรือไม่	none	1	q383.png	none	none	none	none	none	1
384	ให้ A[1..N] เป็น อะเรย์ หนึ่งมิติ ขนาด N  A[1]=1 A[2]=2 ... A[N]=N  เมื่อโปรแกรมจบ A[5] มีค่าเท่าไร	5	9	11	15	none	4	q384.png	none	none	none	none	none	1
385	"ให้ B[1..N, 1..N] เป็น อะเรย์ 2 มิติ ขนาด N x N  เมื่อโปรแกรมทำงานเสร็จ บรรทัด B[J,K] = B[J,K] + 1 ทำงานไปกี่รอบ"	N	2N	N x N	N(N+1)/2	ผิดทุกข้อ	4	none	none	none	none	none	none	1
386	จากโปรแกรม ตัวแปร a รับค่าได้มากที่สุดกี่ค่า	30	60	90	120	none	4	q386.png	none	none	none	none	none	1
387	"กำหนดให้ a = {3,5,7,2};  b = {1,9,9,1}; จงหาค่าของ b[a[3]] + a[b[3]]"	10	12	14	16	none	3	none	none	none	none	none	none	1
388	ต่อไปนี้ข้อใดต้องใช้ตัวแปรเป็นอาเรย์ 2 มิติ	เพื่อเก็บคะแนนของนักเรียนวิชาคอมพิวเตอร์ 100 คน	เพื่อเก็บคะแนนนักเรียน 5 วิชา	เพื่อเก็บปริมาณน้ำฝนแต่ละเดือนในช่วง 10 ปี	เพื่อเก็บจำนวนนักเรียนของโรงเรียน 100 โรง	none	3	none	none	none	none	none	none	1
389	ดูโจทย์จากรูปภาพประกอบคำถาม	10	20	30	60	none	2	q389.png	none	none	none	none	none	1
390	ดูโจทย์จากรูปภาพประกอบคำถาม	"read(a[i,j])"	"read(a[j,i])"	"write(a[Sun,5])"	"write(a[Thurs,5])"	none	3	q390.png	none	none	none	none	none	1
391	n=6	"[7,6,5,4,3,2,1]"	"[1,1,1,1,1,1,1]"	"[7,7,7,7,7,7,7]"	"[1,2,3,4,5,6,7]"	none	4	q391.png	none	none	none	none	none	1
392	ถ้าต้องการทำการประกาศตัวแปร A เพื่อเก็บข้อมูลเมตริกซ์ที่มีขนาด 4 X 4 ควรประกาศตัวแปรอย่างไร	A : Array [1..4] of Integer ;	"A : Array [1..4, 1..4 ] of Integer ;"	"A : Array [1..4, 1..4, 1..4, 1..4] of Integer ;"	ไม่มีข้อใดถูก	none	2	none	none	none	none	none	none	1
393	ถ้า Array 1 มิติ ชื่อ A มีขนาด 8 ช่องข้อมูล แล้วต้องการเก็บค่า 20 ไว้ในตำแหน่ง(Index)ที่ 5 จะต้องเขียนคำสั่งอย่างไร	A[8] := 20;	A[5] := 20 ;	Readln( A[5] )	For i := 1 to 8 Do Readln( A[i] ) ;	none	2	none	none	none	none	none	none	1
394	"Var A : Array [0..10] of integer; B : Array [1..10] of real; C : Array [1..2,-1..3,1..3,0..3] of integer; ถ้าต้องการเขียนคำสั่งในการกำหนดให้ Array B มีค่าเป็น 0 ทั้งหมด จะต้องเขียนคำสั่งอย่างไร"	B[1..10] := 0;	B := 0;	For i := 1 to 10 do B[i] := 0;	ถูกทุกข้อ	none	3	none	none	none	none	none	none	1
395	"Var A : Array [0..10] of integer; B : Array [1..10] of real; C : Array [1..2,-1..3,1..3,0..3] of integer; ตัวแปร C เป็นตัวแปร Array แบบกี่มิติ (Dimension) และสมาชิก (Element) ทั้งหมดกี่จำนวน"	"4 มิติ , 54 จำนวน"	"4 มิติ , 96 จำนวน"	"4 มิติ , 120 จำนวน"	"2x2 มิติ , 96 จำนวน"	none	3	none	none	none	none	none	none	1
396	"จากโจทย์ต่อไปนี้ For i := 1 to 5 Do For j := 1 to 3 Do Readln (X[i,j]) ; มีการรับข้อมูลเข้าไปไว้ในตัวแปร X กี่จำนวน ?"	3	5	8	15	none	4	none	none	none	none	none	none	1
397	ถ้าต้องการนำค่า 16 นำไปเก็บไว้ในตัวแปร Array ชื่อ X ลำดับที่ 5 จะต้องเขียนคำสั่งอย่างไร	"X : Array[ 5 , 16] of Integer ;"	X[ 5 ] := 16 ;	X[ 16 ] := 5 ;	16 = X[ 5 ] ;	none	2	none	none	none	none	none	none	1
398	"จากโจทย์ต่อไปนี้ B := A[ i,j,k ] ; จงบอกมิติ( Dimension )ของตัวแปร A"	1	2	3	4	none	3	none	none	none	none	none	none	1
399	"จากการประกาศ Array ต่อไปนี้ A : Array[A..F,5..7] of Real ; Array A มีเนื้อที่ในการเก็บข้อมูลเลขจำนวนจริงสูงสุดเท่าใด"	1จำนวน	9จำนวน	18จำนวน	20จำนวน	none	3	none	none	none	none	none	none	1
